player_id,session_duration,movement_events,deaths,menu_opens,menu_time,time_since_last_death,churn_label
synthetic_0,72.43,58,2,1,6.8,37.3,0
synthetic_1,15.07,14,3,2,19.4,10.79,1
synthetic_2,106.91,60,0,2,7.9,68.0,0
synthetic_3,89.76,53,0,1,0.0,38.21,0
synthetic_4,35.49,2,3,1,23.27,18.73,1
synthetic_5,61.17,44,1,1,5.99,47.1,0
synthetic_6,73.04,42,1,2,6.29,24.97,0
synthetic_7,85.44,19,2,1,6.08,36.46,0
synthetic_8,38.67,13,2,1,5.05,0.0,0
synthetic_9,97.36,48,0,2,7.46,51.57,0
synthetic_10,49.43,11,5,1,38.94,6.19,1
synthetic_11,140.39,44,1,2,2.07,12.0,0
synthetic_12,94.6,53,1,1,2.79,21.75,0
synthetic_13,117.31,28,0,2,8.45,32.18,0
synthetic_14,22.97,18,10,2,25.73,3.06,1
synthetic_15,58.32,18,2,1,11.12,13.71,0
synthetic_16,87.95,43,2,2,3.46,46.59,1
synthetic_17,62.77,33,7,1,22.79,13.22,0
synthetic_18,95.29,34,0,2,0.0,29.22,0
synthetic_19,79.39,49,0,1,2.77,28.29,0
synthetic_20,55.91,40,0,1,3.35,46.77,0
synthetic_21,29.89,9,4,1,28.07,11.64,1
synthetic_22,84.25,76,0,2,3.04,8.14,1
synthetic_23,62.25,45,0,2,5.64,22.06,0
synthetic_24,112.96,32,2,1,4.72,32.3,0
synthetic_25,66.98,12,5,2,23.03,4.93,1
synthetic_26,116.8,43,2,2,0.0,61.47,0
synthetic_27,49.17,4,4,1,18.69,6.74,0
synthetic_28,68.99,13,4,2,38.77,0.08,1
synthetic_29,101.9,44,1,2,7.95,56.5,0
synthetic_30,106.86,67,3,2,2.75,29.99,0
synthetic_31,110.37,40,2,1,5.11,46.37,0
synthetic_32,47.3,21,3,1,20.26,18.63,1
synthetic_33,38.91,20,2,2,13.06,13.18,1
synthetic_34,109.91,59,2,2,5.74,30.92,0
synthetic_35,59.06,15,2,1,17.31,14.35,0
synthetic_36,69.74,16,2,1,0.0,11.31,1
synthetic_37,66.09,45,2,1,6.3,31.26,0
synthetic_38,71.16,27,7,2,42.57,11.4,1
synthetic_39,95.84,43,2,1,1.35,34.92,0
synthetic_40,43.89,11,5,1,36.64,14.45,1
synthetic_41,120.56,56,0,1,9.62,58.23,0
synthetic_42,66.44,44,1,1,4.0,48.29,0
synthetic_43,92.68,20,4,2,20.31,13.1,0
synthetic_44,94.55,40,2,2,8.55,62.93,0
synthetic_45,101.35,36,0,2,3.95,10.12,0
synthetic_46,45.52,20,1,2,10.85,0.0,0
synthetic_47,5.0,6,6,1,34.09,4.5,1
synthetic_48,92.21,52,3,1,0.0,45.4,0
synthetic_49,64.66,13,5,2,20.26,11.22,1
synthetic_50,32.42,36,3,2,23.33,4.47,0
synthetic_51,28.42,17,3,1,18.98,0.0,0
synthetic_52,51.15,44,1,2,4.13,0.0,0
synthetic_53,64.17,19,4,1,1.46,21.52,0
synthetic_54,136.04,50,3,2,3.89,39.34,0
synthetic_55,73.15,46,2,1,0.0,70.79,0
synthetic_56,123.54,32,1,2,2.55,12.19,0
synthetic_57,76.32,44,1,1,0.66,86.18,0
synthetic_58,25.1,21,9,2,16.4,19.0,1
synthetic_59,24.11,20,7,1,12.43,15.02,1
synthetic_60,78.6,32,3,1,2.71,52.52,0
synthetic_61,126.84,49,1,2,5.46,9.92,0
synthetic_62,96.51,32,2,1,4.53,26.35,0
synthetic_63,104.22,38,0,2,7.25,17.71,0
synthetic_64,89.65,48,1,1,1.14,51.02,0
synthetic_65,108.17,42,1,1,2.56,19.96,0
synthetic_66,126.58,45,1,1,6.75,33.75,0
synthetic_67,50.92,10,5,1,19.88,1.27,1
synthetic_68,51.25,15,1,2,13.67,11.17,1
synthetic_69,39.92,21,6,2,43.57,17.8,1
synthetic_70,59.89,3,2,1,18.28,6.0,1
synthetic_71,60.5,4,8,2,14.06,18.22,0
synthetic_72,73.63,49,2,2,1.02,36.73,0
synthetic_73,39.89,27,7,1,17.43,0.0,1
synthetic_74,37.85,7,4,1,34.71,2.79,1
synthetic_75,17.64,17,4,1,5.26,14.65,1
synthetic_76,28.88,13,4,2,27.95,1.81,1
synthetic_77,97.93,41,2,2,5.08,47.2,0
synthetic_78,93.55,32,0,1,0.0,53.84,0
synthetic_79,93.63,28,1,2,5.89,52.16,0
synthetic_80,93.2,25,1,1,4.31,31.44,0
synthetic_81,26.84,14,4,2,22.88,9.81,1
synthetic_82,97.8,18,2,2,7.65,34.46,1
synthetic_83,24.32,8,5,1,21.34,5.66,1
synthetic_84,38.9,22,6,1,14.23,11.66,1
synthetic_85,31.19,13,1,2,43.82,20.04,1
synthetic_86,83.31,19,1,1,0.0,63.97,0
synthetic_87,84.89,42,1,2,2.2,34.98,0
synthetic_88,65.23,15,2,1,17.56,4.99,0
synthetic_89,68.6,54,2,1,5.64,47.44,0
synthetic_90,32.01,9,4,2,24.99,0.73,1
synthetic_91,99.97,22,0,1,8.52,60.97,0
synthetic_92,50.06,14,3,1,16.67,13.82,0
synthetic_93,62.9,16,4,2,24.75,5.44,1
synthetic_94,50.47,7,3,2,38.84,13.74,0
synthetic_95,85.98,44,0,1,4.9,66.93,0
synthetic_96,73.6,17,4,2,19.36,3.38,1
synthetic_97,38.85,11,3,1,22.99,4.43,1
synthetic_98,38.64,6,1,1,22.44,0.0,1
synthetic_99,79.12,40,2,1,4.94,34.53,0
synthetic_100,91.27,49,3,1,3.75,67.75,0
synthetic_101,61.29,38,0,1,6.95,57.14,0
synthetic_102,52.23,16,7,1,34.05,7.64,1
synthetic_103,61.07,40,1,2,4.66,61.68,0
synthetic_104,97.97,53,1,2,0.0,21.95,0
synthetic_105,70.47,50,1,1,2.64,32.14,0
synthetic_106,48.42,8,3,2,31.02,5.98,1
synthetic_107,42.74,15,4,1,12.92,3.35,0
synthetic_108,75.17,19,5,2,28.43,17.15,1
synthetic_109,117.98,46,1,2,2.45,34.38,0
synthetic_110,126.19,39,1,1,2.77,23.02,0
synthetic_111,45.1,8,3,2,38.67,4.53,1
synthetic_112,48.91,18,4,1,16.02,18.33,1
synthetic_113,65.69,38,3,1,1.22,64.43,0
synthetic_114,17.87,21,6,2,19.85,0.0,1
synthetic_115,85.13,58,2,1,1.29,43.44,0
synthetic_116,76.39,36,0,1,2.2,15.39,1
synthetic_117,107.29,46,1,1,3.85,38.38,0
synthetic_118,32.12,14,5,1,27.62,16.51,1
synthetic_119,113.31,55,2,2,11.47,20.76,0
synthetic_120,99.3,64,1,2,5.57,47.05,0
synthetic_121,97.64,39,1,1,4.96,24.59,0
synthetic_122,20.51,22,4,2,15.97,13.26,0
synthetic_123,35.77,21,6,1,0.0,17.98,0
synthetic_124,56.75,19,3,1,18.69,0.0,0
synthetic_125,99.08,69,1,2,5.47,68.61,0
synthetic_126,30.51,1,2,1,22.47,17.36,1
synthetic_127,48.23,27,7,1,20.21,0.0,0
synthetic_128,88.98,15,8,1,16.63,0.71,1
synthetic_129,67.32,56,1,2,8.53,50.99,0
synthetic_130,31.14,2,2,1,11.67,0.02,1
synthetic_131,127.84,57,0,2,5.0,64.37,0
synthetic_132,85.52,25,0,2,0.0,26.2,0
synthetic_133,41.98,20,4,1,9.49,15.74,0
synthetic_134,110.13,37,0,1,9.21,45.55,0
synthetic_135,16.13,19,7,2,29.89,9.65,1
synthetic_136,84.56,45,1,2,0.0,76.82,0
synthetic_137,102.29,39,1,1,4.13,29.18,0
synthetic_138,37.06,40,1,2,2.61,59.17,0
synthetic_139,33.68,19,2,2,25.94,0.61,0
synthetic_140,117.02,55,3,2,3.7,10.51,0
synthetic_141,115.06,32,1,1,0.0,50.37,0
synthetic_142,102.49,42,3,2,3.59,25.47,0
synthetic_143,112.64,49,1,1,1.91,86.56,0
synthetic_144,99.3,64,2,1,0.0,22.72,0
synthetic_145,34.17,28,6,1,18.99,16.39,1
synthetic_146,56.44,0,2,1,19.76,16.21,1
synthetic_147,97.32,48,0,1,5.14,23.2,0
synthetic_148,62.32,23,2,2,20.19,0.38,1
synthetic_149,59.27,15,3,1,23.97,4.52,1
synthetic_150,125.43,40,1,1,0.0,48.81,0
synthetic_151,122.6,36,0,1,1.49,43.68,0
synthetic_152,49.9,20,0,1,4.35,6.46,0
synthetic_153,75.92,55,1,1,7.65,36.14,0
synthetic_154,31.96,24,3,2,25.38,2.36,1
synthetic_155,105.88,47,4,1,3.6,55.7,0
synthetic_156,48.63,9,4,1,29.03,0.0,1
synthetic_157,82.33,46,0,1,3.98,53.26,0
synthetic_158,103.51,51,1,2,9.73,24.08,0
synthetic_159,73.29,42,3,2,3.75,40.85,0
synthetic_160,43.12,12,3,1,24.5,8.98,0
synthetic_161,122.58,35,1,2,4.11,41.34,0
synthetic_162,40.61,11,5,2,17.3,0.97,1
synthetic_163,41.85,1,4,2,1.15,16.79,0
synthetic_164,67.36,60,0,2,0.0,11.15,0
synthetic_165,73.32,19,2,2,28.51,2.27,0
synthetic_166,137.79,48,3,2,7.54,45.95,0
synthetic_167,77.63,45,0,1,7.5,41.6,0
synthetic_168,5.0,26,6,2,23.41,14.5,1
synthetic_169,123.27,23,3,1,3.53,12.43,0
synthetic_170,37.09,10,3,2,32.91,15.54,1
synthetic_171,144.6,43,2,2,1.83,16.93,0
synthetic_172,67.15,13,3,1,42.2,0.0,0
synthetic_173,75.2,62,3,1,6.29,10.05,0
synthetic_174,46.56,13,5,2,33.57,24.05,0
synthetic_175,37.59,7,8,2,22.87,13.44,1
synthetic_176,65.52,13,5,1,18.53,15.47,1
synthetic_177,93.69,39,0,1,8.07,0.0,0
synthetic_178,115.72,53,2,1,5.74,54.13,0
synthetic_179,107.29,55,3,1,5.23,34.17,0
synthetic_180,104.14,60,1,2,1.79,91.37,0
synthetic_181,86.95,39,0,1,2.05,29.42,0
synthetic_182,119.3,57,2,2,5.48,26.12,0
synthetic_183,46.23,17,6,2,23.63,4.75,1
synthetic_184,108.83,61,0,2,9.17,14.19,0
synthetic_185,96.99,45,0,2,1.79,63.39,0
synthetic_186,56.04,19,5,1,28.93,16.12,0
synthetic_187,9.71,26,5,2,8.01,7.72,1
synthetic_188,90.73,40,4,1,0.0,55.79,0
synthetic_189,61.35,17,2,2,17.82,11.3,1
synthetic_190,94.68,40,0,2,1.44,43.85,0
synthetic_191,40.61,11,4,2,17.84,9.37,1
synthetic_192,56.3,16,3,2,34.75,20.92,0
synthetic_193,91.82,58,0,2,5.03,19.37,0
synthetic_194,29.44,7,6,2,31.87,0.0,1
synthetic_195,82.01,17,3,2,12.48,6.75,0
synthetic_196,94.02,46,2,1,7.71,35.7,0
synthetic_197,60.47,64,1,1,1.91,35.22,0
synthetic_198,5.0,8,2,2,25.94,8.03,1
synthetic_199,70.53,16,2,1,10.15,8.48,0
synthetic_200,46.48,72,0,1,3.97,5.02,0
synthetic_201,78.51,59,5,2,1.19,33.21,0
synthetic_202,92.79,55,2,1,3.93,45.76,0
synthetic_203,56.17,8,4,2,13.9,11.03,0
synthetic_204,32.14,19,5,2,24.66,10.07,1
synthetic_205,55.94,13,4,1,15.53,11.13,0
synthetic_206,28.83,18,2,1,4.47,9.93,1
synthetic_207,85.63,50,1,2,2.59,15.98,0
synthetic_208,67.54,4,4,2,28.49,11.36,0
synthetic_209,72.77,39,3,1,3.37,66.52,0
synthetic_210,67.95,43,0,2,8.27,61.31,0
synthetic_211,110.11,26,0,2,0.0,69.59,0
synthetic_212,32.09,19,8,2,11.67,4.76,1
synthetic_213,113.45,60,0,2,2.41,36.79,0
synthetic_214,84.35,51,3,1,10.34,4.43,0
synthetic_215,79.1,16,1,2,5.31,42.88,0
synthetic_216,59.94,14,2,1,17.01,12.13,0
synthetic_217,43.24,17,1,2,26.43,6.42,0
synthetic_218,120.03,42,1,2,6.04,58.47,0
synthetic_219,38.91,17,4,1,23.67,6.94,1
synthetic_220,40.72,16,3,1,25.61,11.02,1
synthetic_221,81.24,29,3,2,6.29,37.84,1
synthetic_222,78.67,43,3,1,0.0,50.96,0
synthetic_223,90.8,40,2,1,2.07,13.75,0
synthetic_224,52.0,17,5,2,25.21,8.47,0
synthetic_225,75.77,28,0,2,5.51,49.07,0
synthetic_226,23.94,15,2,1,24.39,0.0,1
synthetic_227,107.99,37,0,1,3.24,49.33,0
synthetic_228,74.01,48,3,2,2.83,40.31,0
synthetic_229,49.03,20,5,1,27.31,0.0,1
synthetic_230,24.82,15,5,2,44.97,4.51,1
synthetic_231,51.11,2,5,2,25.59,9.67,1
synthetic_232,106.38,42,2,2,3.54,40.14,0
synthetic_233,116.17,52,2,2,11.65,47.46,0
synthetic_234,104.54,43,2,1,4.24,14.68,0
synthetic_235,114.6,40,2,2,4.65,42.58,0
synthetic_236,69.26,68,1,2,8.9,5.51,0
synthetic_237,92.57,17,0,2,8.58,33.99,0
synthetic_238,46.89,16,5,2,19.92,15.73,0
synthetic_239,84.89,0,3,1,38.12,15.61,1
synthetic_240,103.88,42,1,2,4.34,0.84,0
synthetic_241,107.69,28,1,2,5.55,42.01,0
synthetic_242,37.08,12,2,2,19.21,6.36,1
synthetic_243,91.46,34,2,2,12.85,68.16,0
synthetic_244,80.29,56,1,1,2.2,69.06,0
synthetic_245,116.94,60,0,2,6.56,40.51,0
synthetic_246,101.99,65,1,1,1.56,89.57,0
synthetic_247,33.81,25,2,2,27.37,4.55,1
synthetic_248,52.22,14,8,2,32.51,8.0,1
synthetic_249,71.76,11,6,2,19.42,2.4,0
synthetic_250,95.71,60,1,2,4.71,56.54,0
synthetic_251,91.03,50,0,2,4.88,52.87,0
synthetic_252,83.51,46,0,1,4.15,0.0,0
synthetic_253,18.44,17,4,2,13.27,7.17,1
synthetic_254,55.67,12,5,2,12.57,15.22,0
synthetic_255,109.13,32,1,1,1.94,22.23,0
synthetic_256,138.73,51,1,1,0.0,37.43,0
synthetic_257,51.08,12,2,2,20.37,4.7,1
synthetic_258,22.25,16,1,1,17.11,11.92,1
synthetic_259,72.32,52,0,1,4.58,57.21,0
synthetic_260,43.12,11,10,1,17.39,10.4,1
synthetic_261,86.77,48,0,1,6.94,52.65,0
synthetic_262,66.23,22,3,2,31.39,4.96,0
synthetic_263,57.14,4,6,1,27.51,0.0,1
synthetic_264,88.47,48,2,1,2.77,61.64,0
synthetic_265,30.08,9,5,1,8.69,3.23,1
synthetic_266,23.58,9,8,2,10.92,4.15,1
synthetic_267,34.78,18,6,2,21.69,0.0,1
synthetic_268,53.2,12,4,1,33.78,0.0,1
synthetic_269,51.73,7,3,1,36.47,12.8,1
synthetic_270,5.0,25,3,1,29.5,2.38,1
synthetic_271,29.29,22,6,2,41.13,14.94,1
synthetic_272,69.09,2,2,2,24.02,3.71,0
synthetic_273,62.73,44,1,2,1.08,32.87,0
synthetic_274,103.36,42,2,1,3.0,13.32,0
synthetic_275,92.12,14,0,2,6.44,11.9,0
synthetic_276,44.42,27,2,2,18.91,6.48,0
synthetic_277,70.73,52,0,1,6.06,44.88,0
synthetic_278,130.16,24,1,2,4.88,27.45,0
synthetic_279,73.6,41,1,2,5.76,51.27,0
synthetic_280,30.45,19,4,1,11.82,3.87,1
synthetic_281,87.43,7,7,1,31.65,0.0,1
synthetic_282,65.06,25,3,2,14.4,7.35,0
synthetic_283,61.44,19,7,2,23.44,10.58,1
synthetic_284,106.23,47,1,1,4.63,60.04,0
synthetic_285,24.93,22,6,1,12.68,2.73,0
synthetic_286,70.55,32,4,1,37.17,8.91,0
synthetic_287,28.14,14,6,2,33.27,11.96,1
synthetic_288,98.27,46,0,2,5.47,64.47,1
synthetic_289,12.21,13,3,1,39.52,6.64,1
synthetic_290,74.33,38,2,2,4.64,44.81,1
synthetic_291,51.37,5,4,1,29.94,16.72,0
synthetic_292,102.36,52,3,1,0.0,30.66,0
synthetic_293,5.22,16,4,2,15.62,9.57,1
synthetic_294,104.95,33,1,2,5.39,36.05,0
synthetic_295,78.61,60,1,2,1.67,2.91,1
synthetic_296,120.59,44,1,1,4.41,48.77,0
synthetic_297,87.96,64,2,1,2.91,39.45,0
synthetic_298,72.53,45,2,1,0.89,53.86,0
synthetic_299,96.52,20,1,2,5.67,31.81,0
synthetic_300,76.68,55,0,1,2.05,5.54,0
synthetic_301,38.13,9,2,1,38.98,7.79,1
synthetic_302,95.01,40,1,1,0.0,21.69,0
synthetic_303,91.97,28,0,1,4.41,19.45,0
synthetic_304,106.84,64,1,1,5.87,28.75,0
synthetic_305,74.9,39,1,1,5.06,54.54,0
synthetic_306,42.6,10,5,1,26.87,16.89,1
synthetic_307,103.17,40,1,1,5.94,57.66,0
synthetic_308,69.19,13,2,1,26.67,14.59,0
synthetic_309,54.55,16,1,1,13.59,0.0,1
synthetic_310,111.74,44,1,2,2.88,39.29,0
synthetic_311,37.27,9,5,1,15.21,11.77,1
synthetic_312,77.46,17,3,2,21.7,7.02,0
synthetic_313,55.85,23,8,2,17.26,6.94,0
synthetic_314,110.42,17,3,2,0.0,7.34,0
synthetic_315,21.15,12,3,1,23.75,10.24,1
synthetic_316,31.21,15,4,2,43.73,8.67,1
synthetic_317,86.58,40,1,1,1.15,77.57,0
synthetic_318,52.94,15,7,1,51.63,2.06,0
synthetic_319,67.88,63,0,1,6.24,53.21,0
synthetic_320,81.55,41,1,1,2.17,23.52,0
synthetic_321,97.1,37,0,2,0.89,59.71,0
synthetic_322,68.25,13,6,1,22.6,5.94,1
synthetic_323,93.05,40,0,1,1.29,32.67,0
synthetic_324,99.96,43,2,1,1.48,31.35,0
synthetic_325,96.57,41,1,1,2.48,52.91,0
synthetic_326,91.73,42,1,1,5.87,40.82,0
synthetic_327,89.08,46,0,2,0.0,15.37,0
synthetic_328,86.47,56,0,2,1.74,9.44,1
synthetic_329,49.52,17,4,1,0.42,8.48,0
synthetic_330,103.22,58,0,2,9.86,24.74,0
synthetic_331,57.82,20,2,1,22.41,17.02,1
synthetic_332,71.43,48,1,1,4.13,51.76,0
synthetic_333,75.02,50,2,2,6.26,15.95,0
synthetic_334,24.03,16,1,2,28.69,11.12,1
synthetic_335,124.43,32,0,1,0.0,72.45,0
synthetic_336,49.44,14,3,2,22.1,13.01,0
synthetic_337,86.77,39,0,1,2.58,60.38,0
synthetic_338,49.31,13,1,1,26.72,15.71,1
synthetic_339,72.26,30,1,2,5.45,44.78,0
synthetic_340,32.45,12,0,2,24.55,14.23,1
synthetic_341,98.73,57,1,2,4.1,42.54,0
synthetic_342,81.61,72,2,1,0.99,36.22,0
synthetic_343,91.66,38,1,2,3.41,41.34,0
synthetic_344,84.46,49,0,2,5.93,54.34,0
synthetic_345,121.23,48,0,2,3.66,56.63,0
synthetic_346,90.96,57,1,2,1.59,0.0,0
synthetic_347,64.62,15,4,1,10.02,0.0,0
synthetic_348,106.47,63,4,2,0.57,45.47,0
synthetic_349,67.35,18,1,2,22.26,8.78,1
synthetic_350,98.87,51,0,1,5.25,54.68,0
synthetic_351,37.61,13,5,2,19.34,1.1,1
synthetic_352,63.92,45,0,2,2.94,19.92,0
synthetic_353,100.05,32,1,2,4.05,61.18,0
synthetic_354,94.08,35,0,2,3.87,41.34,0
synthetic_355,97.6,59,4,1,1.1,71.35,0
synthetic_356,95.71,60,2,2,4.99,26.28,0
synthetic_357,100.18,43,0,2,1.25,45.83,0
synthetic_358,121.75,48,1,1,8.95,47.75,0
synthetic_359,71.41,59,1,2,2.8,48.12,0
synthetic_360,88.16,25,2,1,5.82,52.42,0
synthetic_361,41.32,17,3,1,2.98,7.75,0
synthetic_362,19.58,14,9,2,17.59,15.42,1
synthetic_363,23.35,25,1,2,26.42,7.27,1
synthetic_364,150.07,31,1,2,6.19,57.28,0
synthetic_365,81.88,25,2,2,23.43,19.58,1
synthetic_366,117.62,57,1,1,0.19,15.33,0
synthetic_367,88.86,14,0,1,5.82,25.91,0
synthetic_368,60.32,12,8,1,14.78,21.6,1
synthetic_369,88.71,41,3,2,1.88,35.56,0
synthetic_370,109.24,25,1,2,2.5,77.5,0
synthetic_371,25.83,29,6,1,17.77,3.67,1
synthetic_372,73.17,14,3,2,19.04,5.43,1
synthetic_373,5.0,18,6,1,24.93,2.0,1
synthetic_374,60.96,16,5,2,8.47,16.93,1
synthetic_375,35.73,28,4,2,17.4,11.01,1
synthetic_376,109.49,28,1,1,5.79,69.3,0
synthetic_377,78.85,19,4,2,26.28,5.17,0
synthetic_378,30.72,11,2,2,25.03,2.05,1
synthetic_379,110.25,48,2,1,3.11,33.78,0
synthetic_380,81.99,44,1,1,1.36,55.29,0
synthetic_381,104.38,33,1,2,7.29,65.46,0
synthetic_382,91.16,41,1,2,1.86,27.07,0
synthetic_383,126.32,54,0,2,3.65,29.06,0
synthetic_384,27.69,24,2,2,27.9,14.51,1
synthetic_385,98.57,39,1,2,8.76,5.31,0
synthetic_386,107.13,14,0,1,3.74,64.22,0
synthetic_387,77.52,37,2,1,10.41,28.33,1
synthetic_388,39.77,11,4,1,26.91,18.35,1
synthetic_389,89.67,34,1,2,3.34,69.12,0
synthetic_390,84.72,40,0,2,6.81,29.21,0
synthetic_391,41.24,19,7,2,5.27,0.0,1
synthetic_392,117.24,45,0,1,3.21,5.04,0
synthetic_393,83.03,57,1,2,7.71,51.23,0
synthetic_394,30.55,13,9,2,24.43,10.65,1
synthetic_395,101.29,41,1,1,1.72,8.41,0
synthetic_396,67.06,22,3,2,3.95,17.29,0
synthetic_397,45.01,28,5,1,11.47,5.78,1
synthetic_398,66.73,32,1,2,0.91,20.8,0
synthetic_399,86.83,17,1,1,26.87,5.37,0
synthetic_400,51.72,13,3,2,8.41,0.0,1
synthetic_401,95.17,57,2,1,5.12,7.61,0
synthetic_402,69.11,40,0,1,4.21,59.4,0
synthetic_403,45.76,19,1,2,33.91,1.62,1
synthetic_404,113.54,32,0,2,11.34,3.94,0
synthetic_405,78.86,48,2,2,4.65,53.06,0
synthetic_406,44.43,10,7,1,22.02,15.79,1
synthetic_407,104.09,50,1,2,5.31,31.37,0
synthetic_408,57.26,16,3,2,18.03,0.0,0
synthetic_409,46.32,43,1,1,1.67,66.81,0
synthetic_410,135.31,45,1,1,3.73,46.38,0
synthetic_411,105.57,69,1,2,2.66,67.78,0
synthetic_412,30.68,13,5,2,14.77,0.0,1
synthetic_413,92.13,48,2,1,4.8,44.7,1
synthetic_414,15.09,16,4,1,25.21,7.97,1
synthetic_415,47.33,21,4,2,35.88,0.0,1
synthetic_416,26.34,20,6,2,23.16,2.84,1
synthetic_417,105.88,40,0,1,2.84,41.62,0
synthetic_418,65.9,19,4,2,25.1,10.85,0
synthetic_419,99.76,57,1,1,0.0,60.39,0
synthetic_420,79.5,45,1,1,2.46,16.04,0
synthetic_421,9.58,22,2,1,37.16,10.85,0
synthetic_422,81.74,21,4,1,19.77,14.12,0
synthetic_423,21.16,18,2,1,24.62,4.04,1
synthetic_424,139.76,49,2,2,7.14,37.67,0
synthetic_425,127.65,83,3,2,3.86,21.35,0
synthetic_426,56.55,21,5,1,12.89,12.06,1
synthetic_427,93.31,32,4,2,7.32,21.51,0
synthetic_428,48.03,18,3,1,31.82,7.16,1
synthetic_429,93.08,64,4,1,3.26,29.82,0
synthetic_430,63.93,29,1,2,5.26,53.29,1
synthetic_431,125.06,36,1,2,4.59,10.13,0
synthetic_432,117.58,58,0,1,0.11,33.91,0
synthetic_433,94.37,42,2,2,6.09,14.41,0
synthetic_434,43.38,22,1,1,46.1,14.72,1
synthetic_435,35.3,6,1,2,23.45,3.12,1
synthetic_436,33.79,3,3,1,23.67,6.38,1
synthetic_437,113.9,27,2,2,0.0,47.04,0
synthetic_438,62.93,28,1,2,5.64,25.07,0
synthetic_439,100.74,52,1,1,5.76,15.99,0
synthetic_440,78.13,48,1,1,2.74,43.71,0
synthetic_441,55.38,6,3,2,28.05,6.34,1
synthetic_442,99.77,31,0,1,2.39,66.84,0
synthetic_443,22.04,14,6,1,22.57,15.7,1
synthetic_444,46.78,7,3,2,32.52,20.03,0
synthetic_445,69.65,35,0,1,4.07,34.71,0
synthetic_446,79.85,37,1,2,3.0,51.56,0
synthetic_447,47.25,31,2,1,4.95,23.66,0
synthetic_448,61.88,17,3,1,9.56,14.42,0
synthetic_449,130.96,49,2,1,3.39,37.53,0
synthetic_450,36.04,19,5,1,9.78,19.67,0
synthetic_451,96.85,48,1,1,1.25,44.66,0
synthetic_452,78.52,44,1,1,3.18,48.06,0
synthetic_453,51.78,18,4,1,15.13,9.17,0
synthetic_454,37.61,0,6,1,6.99,0.0,1
synthetic_455,33.07,21,5,2,18.5,8.43,1
synthetic_456,99.75,73,1,2,5.17,13.51,0
synthetic_457,94.74,45,2,1,5.12,43.36,0
synthetic_458,83.62,48,2,2,3.31,45.54,0
synthetic_459,84.48,52,1,1,7.31,9.02,0
synthetic_460,100.87,49,0,1,2.59,24.36,0
synthetic_461,59.72,21,7,1,14.25,4.12,0
synthetic_462,104.03,38,3,1,0.0,32.92,0
synthetic_463,33.2,9,1,1,12.55,5.24,0
synthetic_464,97.55,47,0,2,2.11,75.82,0
synthetic_465,122.68,57,3,1,1.87,41.88,0
synthetic_466,91.64,42,2,1,0.47,55.75,0
synthetic_467,113.4,41,2,2,5.12,51.42,0
synthetic_468,14.72,23,2,1,8.21,5.1,0
synthetic_469,85.59,49,3,1,5.65,32.14,0
synthetic_470,35.55,22,5,1,24.09,0.0,1
synthetic_471,133.47,61,3,1,11.72,39.84,0
synthetic_472,83.9,15,6,2,20.67,0.0,1
synthetic_473,51.25,11,6,2,19.3,9.95,0
synthetic_474,54.5,17,2,2,22.54,8.04,0
synthetic_475,31.16,12,3,1,22.96,3.75,1
synthetic_476,59.45,13,4,2,10.2,0.0,0
synthetic_477,101.63,26,2,2,1.67,40.16,0
synthetic_478,98.69,50,1,1,0.45,41.66,0
synthetic_479,57.22,19,2,1,22.67,14.59,0
synthetic_480,12.42,29,6,1,33.65,7.25,1
synthetic_481,76.94,11,9,1,18.58,16.76,1
synthetic_482,87.8,53,1,1,6.57,20.95,0
synthetic_483,70.62,21,5,1,0.09,8.67,0
synthetic_484,23.49,11,2,1,2.18,2.96,1
synthetic_485,26.54,14,2,2,21.74,15.79,1
synthetic_486,104.67,33,0,2,3.78,73.74,0
synthetic_487,50.01,10,2,1,33.06,3.11,0
synthetic_488,81.56,58,4,1,0.0,16.92,0
synthetic_489,104.97,53,1,2,8.72,46.0,0
synthetic_490,72.13,59,1,1,7.96,38.29,0
synthetic_491,110.41,36,1,1,8.8,16.03,0
synthetic_492,85.43,55,1,2,9.57,29.62,0
synthetic_493,35.69,21,1,2,17.48,10.78,1
synthetic_494,87.15,35,1,2,4.72,13.6,0
synthetic_495,107.64,47,1,2,5.68,17.25,0
synthetic_496,43.35,17,5,1,21.26,0.0,1
synthetic_497,109.88,65,2,1,4.72,25.85,0
synthetic_498,34.33,16,0,2,19.57,11.9,1
synthetic_499,61.73,35,2,2,6.29,28.9,0
synthetic_500,115.18,34,3,1,3.62,72.63,0
synthetic_501,93.25,37,1,2,0.0,19.14,0
synthetic_502,110.79,72,1,1,0.0,47.3,0
synthetic_503,108.8,54,0,1,5.43,39.2,0
synthetic_504,79.53,58,1,1,2.48,40.06,0
synthetic_505,76.7,42,1,1,6.0,0.0,0
synthetic_506,41.7,8,5,2,31.53,15.86,1
synthetic_507,88.94,53,2,1,8.08,36.65,0
synthetic_508,113.73,39,1,2,1.19,0.61,0
synthetic_509,51.23,26,3,1,27.58,7.33,1
synthetic_510,52.34,16,2,2,13.51,14.05,0
synthetic_511,103.47,40,1,2,5.81,46.75,0
synthetic_512,68.13,1,4,1,21.78,10.6,1
synthetic_513,60.31,19,2,2,31.3,11.28,1
synthetic_514,16.57,17,6,1,19.56,7.33,1
synthetic_515,31.09,11,4,2,18.83,3.07,1
synthetic_516,24.92,17,6,1,0.92,17.59,0
synthetic_517,105.62,35,1,1,2.16,65.72,0
synthetic_518,48.41,9,4,1,5.49,6.19,1
synthetic_519,97.49,39,3,2,0.0,29.21,0
synthetic_520,129.47,46,0,1,1.5,39.01,0
synthetic_521,15.12,14,6,1,55.19,7.58,1
synthetic_522,43.94,10,7,2,23.94,13.86,1
synthetic_523,99.29,71,2,2,3.38,12.47,0
synthetic_524,55.58,22,3,2,14.39,9.82,0
synthetic_525,52.56,7,4,2,11.52,5.12,0
synthetic_526,101.19,36,1,1,1.6,57.4,0
synthetic_527,112.01,59,2,2,2.26,53.21,0
synthetic_528,109.98,43,3,2,3.05,31.33,0
synthetic_529,61.36,12,3,2,24.46,13.61,0
synthetic_530,114.54,38,1,1,1.97,55.02,0
synthetic_531,93.22,42,1,1,0.0,53.73,0
synthetic_532,51.66,6,3,2,37.68,3.14,0
synthetic_533,121.73,47,0,2,2.69,83.05,0
synthetic_534,44.26,28,2,1,24.27,14.6,0
synthetic_535,24.59,21,5,2,28.6,0.0,1
synthetic_536,109.18,36,5,2,1.35,44.13,0
synthetic_537,23.45,7,4,1,44.79,0.0,1
synthetic_538,53.48,11,6,1,18.84,18.81,1
synthetic_539,109.56,53,1,2,2.39,60.65,0
synthetic_540,68.45,55,1,1,5.53,27.05,0
synthetic_541,135.2,45,0,1,3.08,28.41,0
synthetic_542,116.31,50,0,2,3.21,51.55,0
synthetic_543,84.81,43,2,2,3.07,13.6,0
synthetic_544,18.12,15,4,1,22.99,0.0,1
synthetic_545,53.12,30,2,1,10.6,12.75,0
synthetic_546,56.8,9,7,1,30.95,1.94,0
synthetic_547,94.38,9,5,1,35.91,23.16,1
synthetic_548,109.87,38,1,1,4.63,36.8,0
synthetic_549,39.64,20,5,2,17.49,14.07,0
synthetic_550,72.68,31,0,1,7.19,39.3,0
synthetic_551,49.24,10,4,1,26.67,0.0,1
synthetic_552,52.63,13,5,1,21.89,5.3,1
synthetic_553,97.92,26,3,1,3.88,50.04,0
synthetic_554,66.73,18,5,2,51.15,28.9,1
synthetic_555,32.66,35,3,2,4.22,6.53,0
synthetic_556,64.72,20,2,2,7.6,1.17,1
synthetic_557,107.12,43,3,2,6.86,42.39,0
synthetic_558,79.23,33,0,2,3.84,53.68,0
synthetic_559,71.63,52,3,1,1.92,1.82,0
synthetic_560,93.53,21,3,2,14.21,5.27,1
synthetic_561,28.66,21,3,2,26.58,11.11,1
synthetic_562,103.1,57,0,1,0.0,77.28,0
synthetic_563,84.76,28,0,2,0.94,62.24,0
synthetic_564,100.96,42,1,1,1.13,0.0,0
synthetic_565,125.05,51,2,1,2.98,70.43,0
synthetic_566,99.1,55,0,1,0.7,43.74,0
synthetic_567,55.25,15,1,2,21.5,0.0,0
synthetic_568,50.15,9,1,2,30.1,11.73,0
synthetic_569,135.88,56,2,2,4.5,38.03,0
synthetic_570,60.16,22,5,2,27.41,9.67,0
synthetic_571,95.59,46,1,1,5.31,54.11,0
synthetic_572,90.47,42,0,1,0.82,23.36,0
synthetic_573,96.92,47,3,2,5.09,40.57,0
synthetic_574,98.89,34,2,1,5.28,68.04,0
synthetic_575,117.8,46,0,2,0.93,15.61,0
synthetic_576,96.7,24,2,1,5.79,36.02,0
synthetic_577,120.55,39,2,2,4.71,63.36,0
synthetic_578,92.65,44,1,1,4.79,23.64,0
synthetic_579,23.99,7,4,1,27.49,14.28,1
synthetic_580,81.62,58,1,1,4.37,0.36,0
synthetic_581,58.66,33,1,2,1.23,30.6,0
synthetic_582,80.19,31,3,2,13.91,5.42,1
synthetic_583,26.93,11,0,1,34.63,11.83,1
synthetic_584,104.16,48,2,2,0.67,34.24,0
synthetic_585,108.73,26,0,2,0.0,41.06,0
synthetic_586,51.47,12,2,2,15.52,8.46,1
synthetic_587,17.54,17,6,1,15.04,7.82,1
synthetic_588,35.43,13,5,1,11.06,10.29,1
synthetic_589,5.0,13,3,2,12.77,3.15,1
synthetic_590,124.76,48,2,1,8.71,61.22,0
synthetic_591,35.0,16,1,2,16.41,12.28,0
synthetic_592,15.24,22,5,1,5.9,5.53,0
synthetic_593,99.19,62,0,2,4.61,15.99,0
synthetic_594,18.85,24,7,1,22.93,2.95,1
synthetic_595,60.94,20,5,1,18.61,5.24,1
synthetic_596,72.46,64,1,1,1.06,15.99,0
synthetic_597,96.0,30,1,1,2.56,86.19,0
synthetic_598,89.16,33,1,1,6.6,53.18,0
synthetic_599,65.61,67,3,1,0.0,28.31,0
synthetic_600,94.25,52,0,2,1.08,37.37,0
synthetic_601,88.63,42,2,2,6.42,14.24,0
synthetic_602,71.54,44,1,1,2.93,10.51,0
synthetic_603,87.6,35,4,2,3.4,32.29,0
synthetic_604,88.58,48,1,2,2.88,66.17,0
synthetic_605,82.67,47,2,2,9.8,11.86,0
synthetic_606,113.53,45,1,2,5.68,64.66,0
synthetic_607,64.09,22,7,2,35.83,9.5,1
synthetic_608,55.28,48,1,2,4.59,44.77,0
synthetic_609,41.81,20,2,2,24.49,0.0,1
synthetic_610,96.92,33,0,2,9.54,55.49,0
synthetic_611,103.08,60,1,1,2.88,61.95,0
synthetic_612,84.22,71,0,1,4.51,35.71,0
synthetic_613,76.64,68,0,1,4.09,50.2,0
synthetic_614,42.24,8,5,2,20.82,9.66,1
synthetic_615,86.17,42,3,1,9.11,56.28,0
synthetic_616,126.02,44,0,2,2.24,31.74,0
synthetic_617,21.25,15,0,2,16.22,0.09,1
synthetic_618,40.28,14,1,1,13.98,8.53,1
synthetic_619,48.77,18,5,2,28.91,13.78,1
synthetic_620,91.1,21,1,2,6.91,46.13,0
synthetic_621,106.12,41,2,1,8.69,11.93,0
synthetic_622,107.93,55,0,2,6.46,23.2,0
synthetic_623,109.63,35,1,2,2.1,36.93,0
synthetic_624,100.79,42,0,1,0.0,66.84,0
synthetic_625,15.02,17,5,2,10.71,8.28,0
synthetic_626,97.01,63,0,2,0.76,52.08,0
synthetic_627,52.33,19,1,2,0.0,17.28,0
synthetic_628,101.51,29,1,2,4.63,52.89,0
synthetic_629,135.57,34,3,2,6.21,66.02,0
synthetic_630,119.21,27,2,2,2.99,55.79,0
synthetic_631,101.08,27,2,1,3.38,0.0,0
synthetic_632,66.16,19,1,2,20.81,10.59,0
synthetic_633,50.45,22,3,2,19.56,3.77,1
synthetic_634,7.94,16,3,1,14.76,10.24,1
synthetic_635,25.66,0,3,2,30.95,0.0,1
synthetic_636,124.74,34,4,1,6.21,74.23,0
synthetic_637,79.58,53,1,1,12.36,33.35,1
synthetic_638,85.33,68,4,1,4.18,41.46,0
synthetic_639,138.63,34,0,2,7.57,37.54,0
synthetic_640,96.93,66,2,1,3.22,54.37,0
synthetic_641,131.47,49,1,1,0.0,20.57,0
synthetic_642,64.9,11,2,1,22.52,0.0,0
synthetic_643,31.45,11,4,2,19.97,7.82,0
synthetic_644,88.89,50,4,2,6.84,51.7,0
synthetic_645,113.85,67,1,2,4.65,60.78,0
synthetic_646,80.62,22,3,1,19.57,5.04,0
synthetic_647,74.3,51,0,2,3.8,51.83,0
synthetic_648,87.95,40,3,1,0.51,50.16,0
synthetic_649,54.25,17,7,1,15.76,0.97,1
synthetic_650,60.83,19,2,2,17.98,0.0,1
synthetic_651,85.13,46,1,2,4.96,55.25,0
synthetic_652,115.19,80,2,2,10.53,78.31,0
synthetic_653,30.32,22,2,1,26.58,11.02,0
synthetic_654,86.01,48,3,1,6.14,64.06,0
synthetic_655,40.45,16,5,1,0.07,0.0,1
synthetic_656,70.83,42,0,2,4.09,26.04,0
synthetic_657,47.36,14,3,1,19.21,3.09,1
synthetic_658,97.48,46,0,1,1.65,69.13,0
synthetic_659,48.58,17,5,1,12.16,8.14,0
synthetic_660,57.84,18,4,1,11.85,0.0,0
synthetic_661,80.68,39,1,2,4.34,24.06,0
synthetic_662,42.95,18,1,2,35.26,13.95,1
synthetic_663,77.84,19,2,1,0.47,11.79,1
synthetic_664,51.23,18,6,2,0.0,5.0,0
synthetic_665,74.77,37,2,2,4.95,40.39,0
synthetic_666,57.74,56,0,1,0.77,70.2,0
synthetic_667,103.38,54,2,2,0.1,59.48,0
synthetic_668,27.04,27,4,2,6.99,10.95,0
synthetic_669,5.0,14,5,2,18.97,3.2,1
synthetic_670,35.46,20,5,1,20.64,2.33,1
synthetic_671,128.47,65,1,1,0.1,57.44,0
synthetic_672,58.88,36,2,1,2.38,67.12,0
synthetic_673,100.97,53,2,1,7.06,64.73,0
synthetic_674,75.22,34,1,1,1.16,5.49,0
synthetic_675,70.76,26,6,2,27.0,6.67,0
synthetic_676,92.73,37,1,1,0.0,69.56,0
synthetic_677,119.57,33,0,1,1.94,25.62,0
synthetic_678,55.12,12,4,1,33.85,14.38,1
synthetic_679,75.03,31,2,1,4.44,17.48,0
synthetic_680,10.87,21,5,1,18.34,9.98,1
synthetic_681,35.83,25,2,2,28.31,3.68,0
synthetic_682,61.97,14,1,2,10.2,12.35,0
synthetic_683,78.52,45,0,2,2.0,59.91,0
synthetic_684,96.57,31,1,2,0.0,49.86,0
synthetic_685,39.15,8,3,2,21.3,6.24,1
synthetic_686,60.14,15,2,1,15.07,14.95,0
synthetic_687,91.51,45,2,1,6.31,2.1,0
synthetic_688,95.45,48,3,1,8.17,27.75,0
synthetic_689,105.8,66,0,1,0.92,69.07,0
synthetic_690,68.61,14,5,1,11.65,11.42,1
synthetic_691,89.31,34,5,1,3.15,29.25,0
synthetic_692,59.85,28,2,1,16.84,3.87,1
synthetic_693,45.88,6,3,2,27.36,11.53,1
synthetic_694,83.88,42,1,1,1.69,47.83,0
synthetic_695,93.81,38,2,2,0.4,33.13,0
synthetic_696,118.24,37,2,2,4.63,40.28,1
synthetic_697,72.94,42,0,2,1.11,43.85,0
synthetic_698,131.09,56,1,1,3.34,35.56,0
synthetic_699,70.94,7,4,2,11.75,7.95,0
synthetic_700,22.2,9,6,2,29.03,11.99,1
synthetic_701,36.36,17,1,2,34.76,17.06,1
synthetic_702,46.95,17,4,1,20.62,11.41,1
synthetic_703,84.93,17,3,2,6.52,23.81,0
synthetic_704,36.55,10,4,1,27.3,0.0,1
synthetic_705,87.59,18,2,2,0.0,66.09,0
synthetic_706,96.91,22,3,2,5.25,43.81,0
synthetic_707,88.43,43,0,2,4.65,51.13,0
synthetic_708,5.0,27,2,2,38.46,15.59,1
synthetic_709,24.42,40,0,2,6.69,41.84,0
synthetic_710,96.14,63,0,1,7.41,60.38,0
synthetic_711,95.36,51,2,1,7.18,0.0,0
synthetic_712,115.77,42,0,1,9.23,28.36,0
synthetic_713,121.18,62,3,2,7.0,20.48,0
synthetic_714,91.25,64,1,1,1.51,70.72,0
synthetic_715,61.92,4,5,1,26.78,7.26,1
synthetic_716,72.97,36,0,2,5.16,18.33,0
synthetic_717,52.77,17,6,2,18.85,7.55,1
synthetic_718,83.55,28,1,1,3.25,15.08,0
synthetic_719,71.31,44,2,2,2.1,49.05,0
synthetic_720,91.29,32,2,2,0.0,46.38,0
synthetic_721,24.33,11,2,2,28.48,4.87,1
synthetic_722,9.8,20,6,2,21.23,0.0,1
synthetic_723,124.93,21,1,1,1.4,41.87,0
synthetic_724,27.07,10,4,2,8.8,17.63,0
synthetic_725,21.44,31,4,2,11.04,13.06,0
synthetic_726,51.26,19,5,2,28.09,2.96,1
synthetic_727,21.01,13,3,1,27.91,2.77,1
synthetic_728,99.33,42,1,2,0.0,61.86,0
synthetic_729,108.23,37,2,2,4.43,54.53,0
synthetic_730,35.56,2,4,1,24.16,2.84,1
synthetic_731,32.89,13,3,1,31.36,2.17,1
synthetic_732,75.39,14,1,2,43.65,19.21,1
synthetic_733,32.73,8,1,2,27.75,5.22,0
synthetic_734,62.62,21,5,1,15.09,12.99,1
synthetic_735,58.3,50,1,2,7.01,55.75,0
synthetic_736,44.15,12,5,2,11.58,2.91,1
synthetic_737,28.29,14,5,1,44.21,8.24,1
synthetic_738,43.82,18,3,1,9.74,1.99,1
synthetic_739,29.7,17,4,2,26.39,16.69,1
synthetic_740,48.4,11,6,1,22.02,2.54,1
synthetic_741,40.28,17,5,2,17.86,10.19,1
synthetic_742,93.0,48,2,2,4.95,28.97,0
synthetic_743,64.84,8,2,2,35.62,2.45,1
synthetic_744,95.6,66,2,1,8.89,63.24,0
synthetic_745,70.29,48,0,2,8.38,57.12,0
synthetic_746,47.91,20,3,1,39.32,0.0,1
synthetic_747,43.32,14,2,1,20.81,10.55,1
synthetic_748,72.41,45,1,2,5.3,29.08,0
synthetic_749,63.75,41,1,1,3.9,51.16,0
synthetic_750,32.58,9,1,2,9.13,13.14,1
synthetic_751,26.1,14,3,2,29.1,10.14,0
synthetic_752,12.54,26,2,2,25.08,13.33,0
synthetic_753,100.87,34,2,2,4.14,9.04,0
synthetic_754,98.76,30,0,1,5.16,29.84,0
synthetic_755,31.11,27,5,2,28.76,6.22,1
synthetic_756,95.41,14,4,1,19.54,0.0,0
synthetic_757,42.88,50,1,2,5.34,25.81,0
synthetic_758,71.09,12,4,1,29.69,6.15,1
synthetic_759,105.36,48,3,2,0.0,49.84,0
synthetic_760,86.79,33,4,1,0.3,54.97,0
synthetic_761,29.26,14,4,1,18.61,10.01,0
synthetic_762,5.0,10,5,2,10.87,18.32,1
synthetic_763,36.08,34,2,1,25.65,2.59,1
synthetic_764,125.16,37,4,1,2.53,73.55,0
synthetic_765,48.03,19,2,2,16.19,4.59,0
synthetic_766,50.51,13,5,2,31.04,2.08,0
synthetic_767,71.42,12,2,1,30.8,1.9,0
synthetic_768,52.64,23,2,2,5.88,17.85,0
synthetic_769,88.47,45,3,2,2.78,20.32,0
synthetic_770,26.21,8,4,2,10.59,6.86,1
synthetic_771,99.42,49,3,2,6.02,28.44,0
synthetic_772,98.06,49,3,1,3.04,50.69,0
synthetic_773,108.92,51,2,1,0.63,47.63,0
synthetic_774,32.54,19,2,2,36.27,19.58,1
synthetic_775,94.47,50,2,2,0.0,36.85,0
synthetic_776,140.61,48,3,2,2.1,23.22,0
synthetic_777,30.82,5,1,1,32.77,8.7,0
synthetic_778,68.8,16,0,1,0.0,53.27,0
synthetic_779,83.76,70,1,2,0.0,10.42,0
synthetic_780,41.1,22,7,1,15.42,5.14,1
synthetic_781,106.84,48,2,2,8.71,53.52,0
synthetic_782,76.06,28,4,1,7.27,42.68,0
synthetic_783,89.04,60,2,1,0.0,6.58,0
synthetic_784,91.78,37,0,2,5.18,93.67,0
synthetic_785,30.14,7,3,2,27.83,9.38,1
synthetic_786,111.23,30,1,1,2.51,33.62,0
synthetic_787,52.22,17,7,2,20.18,0.0,1
synthetic_788,118.33,28,2,2,5.0,29.23,0
synthetic_789,88.38,46,3,1,5.46,59.93,0
synthetic_790,66.58,3,3,1,26.42,8.35,1
synthetic_791,45.16,13,3,1,29.46,10.13,1
synthetic_792,60.86,23,5,2,50.71,15.47,1
synthetic_793,35.2,21,4,2,23.69,0.0,1
synthetic_794,8.75,15,6,1,15.56,3.68,1
synthetic_795,50.37,18,6,2,2.94,2.66,0
synthetic_796,59.51,10,7,1,7.92,4.36,0
synthetic_797,56.51,27,2,1,14.43,0.0,1
synthetic_798,90.68,42,0,1,1.68,44.56,0
synthetic_799,106.46,51,0,2,7.21,44.97,1
synthetic_800,85.45,49,1,2,1.04,42.16,0
synthetic_801,56.03,11,2,2,14.68,8.09,1
synthetic_802,68.09,48,0,2,6.51,32.01,0
synthetic_803,83.57,53,1,2,5.35,58.81,0
synthetic_804,67.19,14,2,2,17.98,3.39,1
synthetic_805,27.34,32,4,2,26.35,0.0,1
synthetic_806,80.2,64,2,2,1.79,57.86,0
synthetic_807,77.73,10,3,1,9.68,16.29,0
synthetic_808,83.3,51,0,2,4.67,56.43,0
synthetic_809,123.4,53,0,2,0.25,39.02,0
synthetic_810,50.75,23,7,1,27.93,11.36,1
synthetic_811,48.1,13,5,2,31.56,5.6,1
synthetic_812,65.03,46,0,1,4.91,53.15,0
synthetic_813,140.79,50,0,1,3.3,101.84,0
synthetic_814,43.98,28,2,2,19.15,0.0,0
synthetic_815,88.52,40,1,1,6.74,57.7,0
synthetic_816,114.12,29,0,2,3.08,28.22,0
synthetic_817,109.05,63,1,2,2.6,25.69,0
synthetic_818,121.22,50,0,2,1.21,89.66,0
synthetic_819,23.85,16,5,2,11.72,6.73,1
synthetic_820,51.5,16,8,1,12.91,1.03,1
synthetic_821,71.28,59,0,1,2.54,77.76,0
synthetic_822,41.88,14,5,1,21.57,0.87,1
synthetic_823,94.54,34,0,1,5.91,32.7,0
synthetic_824,100.62,7,1,1,1.13,61.03,0
synthetic_825,5.0,4,8,2,36.58,0.85,1
synthetic_826,89.98,34,0,1,5.73,49.44,1
synthetic_827,44.93,5,6,2,11.16,0.16,0
synthetic_828,110.81,56,0,2,3.46,69.62,0
synthetic_829,63.0,11,4,2,22.15,0.0,0
synthetic_830,83.87,66,0,2,7.04,33.26,0
synthetic_831,106.07,60,1,1,3.88,0.0,0
synthetic_832,39.59,5,2,2,19.37,4.11,1
synthetic_833,95.16,62,1,2,4.35,63.31,0
synthetic_834,64.47,63,2,1,1.59,53.34,0
synthetic_835,68.97,45,2,2,4.43,50.79,0
synthetic_836,79.38,30,2,2,4.01,48.13,0
synthetic_837,52.22,75,2,2,1.55,36.0,0
synthetic_838,60.06,15,4,2,19.49,15.02,0
synthetic_839,102.35,60,1,1,3.03,43.51,0
synthetic_840,23.99,14,1,1,20.04,14.58,1
synthetic_841,51.2,57,1,1,1.37,56.28,0
synthetic_842,58.52,16,0,2,1.57,25.41,0
synthetic_843,50.01,21,3,2,27.04,4.21,0
synthetic_844,55.11,15,4,1,14.44,13.83,1
synthetic_845,81.03,51,2,2,6.18,27.03,1
synthetic_846,80.7,9,5,2,3.18,11.94,0
synthetic_847,85.4,32,2,2,6.14,55.0,0
synthetic_848,48.36,26,2,2,15.51,2.09,1
synthetic_849,119.29,60,2,2,4.47,45.81,0
synthetic_850,25.26,21,5,1,17.28,19.81,1
synthetic_851,34.07,16,4,2,34.46,1.0,0
synthetic_852,123.36,39,2,1,0.0,88.17,0
synthetic_853,95.91,30,0,2,5.18,68.39,0
synthetic_854,51.02,14,6,1,14.63,6.89,0
synthetic_855,81.3,54,1,2,4.34,36.07,0
synthetic_856,123.13,45,2,1,3.75,48.06,1
synthetic_857,100.47,26,0,1,2.85,40.77,0
synthetic_858,25.22,19,3,1,9.65,0.86,1
synthetic_859,97.63,53,0,1,3.63,66.92,0
synthetic_860,84.89,49,0,1,2.11,44.56,0
synthetic_861,94.97,22,1,2,0.71,60.25,0
synthetic_862,86.15,53,0,1,5.07,19.33,0
synthetic_863,114.19,26,3,1,0.38,51.55,0
synthetic_864,38.19,30,3,1,5.93,4.51,1
synthetic_865,65.07,48,1,2,7.86,64.26,0
synthetic_866,61.41,39,3,1,0.0,38.14,0
synthetic_867,60.47,57,4,2,5.88,14.23,0
synthetic_868,28.0,12,2,1,15.19,8.01,1
synthetic_869,18.88,16,5,1,23.6,8.64,1
synthetic_870,101.0,46,1,2,5.05,17.02,0
synthetic_871,45.63,24,3,1,26.22,13.54,0
synthetic_872,93.71,42,0,2,6.05,33.88,0
synthetic_873,69.55,17,2,2,35.87,5.37,1
synthetic_874,98.17,65,1,2,7.04,1.54,0
synthetic_875,40.81,39,2,2,3.57,50.97,1
synthetic_876,46.36,5,4,2,19.7,16.37,1
synthetic_877,13.87,6,3,2,2.66,9.91,1
synthetic_878,127.81,20,1,1,6.7,49.82,0
synthetic_879,128.73,47,1,1,0.0,68.98,0
synthetic_880,84.62,17,2,1,22.51,15.86,0
synthetic_881,88.01,44,0,2,5.03,17.56,0
synthetic_882,63.68,27,2,1,2.01,50.37,0
synthetic_883,125.4,49,2,2,0.04,51.63,0
synthetic_884,59.66,19,3,2,13.56,9.21,0
synthetic_885,43.08,15,4,2,5.35,15.19,1
synthetic_886,67.83,19,4,2,17.54,9.22,0
synthetic_887,27.39,18,5,2,11.53,10.34,0
synthetic_888,52.0,13,5,1,9.02,8.55,1
synthetic_889,118.16,50,1,2,0.0,30.03,0
synthetic_890,36.05,5,3,1,33.38,10.47,1
synthetic_891,88.02,47,0,2,0.0,31.44,0
synthetic_892,45.51,26,1,2,9.18,5.72,0
synthetic_893,55.85,25,4,2,22.37,0.0,1
synthetic_894,91.19,46,0,1,0.73,34.62,0
synthetic_895,87.98,61,0,2,3.56,16.78,0
synthetic_896,35.76,10,6,2,38.04,1.24,1
synthetic_897,18.43,7,6,2,10.3,0.67,0
synthetic_898,84.54,12,2,2,13.14,0.0,0
synthetic_899,89.73,42,1,2,2.01,53.49,0
synthetic_900,102.02,41,3,1,3.54,30.25,0
synthetic_901,43.68,9,3,1,0.0,4.52,0
synthetic_902,46.34,14,5,1,19.71,12.93,1
synthetic_903,132.67,17,0,2,10.76,6.64,0
synthetic_904,103.44,44,0,2,6.38,36.45,0
synthetic_905,105.63,51,0,2,3.48,28.81,0
synthetic_906,130.18,54,4,1,0.53,109.13,0
synthetic_907,5.0,19,4,2,9.74,0.75,0
synthetic_908,82.62,18,3,1,17.81,8.6,0
synthetic_909,42.05,11,1,2,13.1,14.81,1
synthetic_910,91.55,44,0,2,2.05,36.74,0
synthetic_911,65.22,27,0,2,10.22,16.69,1
synthetic_912,109.96,60,1,2,3.65,47.19,0
synthetic_913,103.4,42,1,2,5.35,51.32,0
synthetic_914,89.46,58,3,1,3.39,41.62,0
synthetic_915,92.99,28,1,1,3.8,34.66,0
synthetic_916,60.16,18,2,1,6.34,11.02,1
synthetic_917,31.99,21,3,2,10.06,16.19,1
synthetic_918,35.95,3,5,1,37.96,9.76,1
synthetic_919,108.99,31,0,1,0.0,69.7,0
synthetic_920,70.68,28,4,2,20.24,11.59,0
synthetic_921,108.7,63,2,2,3.66,19.46,0
synthetic_922,61.52,48,3,2,5.14,27.95,0
synthetic_923,92.65,59,1,2,3.01,18.37,0
synthetic_924,23.25,11,7,1,14.65,0.0,1
synthetic_925,28.77,21,1,1,7.99,8.96,0
synthetic_926,12.71,11,3,2,22.4,0.0,1
synthetic_927,62.0,51,0,2,0.0,48.56,0
synthetic_928,97.67,62,1,2,4.25,36.94,0
synthetic_929,86.73,46,0,2,2.38,67.2,0
synthetic_930,69.01,12,3,2,16.94,12.57,0
synthetic_931,53.07,14,2,2,20.9,8.88,1
synthetic_932,48.75,8,3,1,38.74,10.85,1
synthetic_933,74.28,57,0,1,2.55,0.0,0
synthetic_934,83.5,35,1,2,2.37,61.2,1
synthetic_935,22.22,5,3,1,11.03,17.41,0
synthetic_936,120.91,61,0,1,2.68,63.13,0
synthetic_937,62.36,15,3,2,29.88,10.57,1
synthetic_938,91.93,56,2,1,0.0,37.82,0
synthetic_939,57.61,21,6,2,21.57,12.5,1
synthetic_940,30.25,18,0,1,15.84,15.56,1
synthetic_941,124.41,63,3,2,5.83,7.69,0
synthetic_942,38.57,14,3,1,9.23,4.75,0
synthetic_943,40.98,23,4,2,24.1,14.27,1
synthetic_944,85.74,17,3,2,22.84,7.48,0
synthetic_945,9.76,20,3,2,36.14,0.0,1
synthetic_946,133.68,50,0,1,5.74,25.49,0
synthetic_947,66.67,51,2,2,8.74,38.01,0
synthetic_948,72.04,43,1,1,5.21,44.78,0
synthetic_949,32.13,13,2,1,24.99,6.99,0
synthetic_950,86.38,62,3,2,0.0,47.71,0
synthetic_951,40.53,16,4,1,21.2,12.19,1
synthetic_952,13.08,11,6,2,22.85,11.44,1
synthetic_953,56.91,9,5,2,12.68,15.38,0
synthetic_954,87.36,21,2,2,1.62,23.18,0
synthetic_955,72.08,50,0,1,3.9,37.63,0
synthetic_956,135.95,54,2,2,0.0,24.94,0
synthetic_957,94.51,35,2,2,0.0,28.27,0
synthetic_958,122.95,57,0,2,5.54,37.56,0
synthetic_959,112.87,45,0,2,7.8,35.84,0
synthetic_960,84.58,38,4,1,7.9,60.66,0
synthetic_961,46.91,5,1,1,16.94,3.32,0
synthetic_962,21.25,16,5,1,3.07,4.92,1
synthetic_963,48.61,29,6,1,32.11,8.5,1
synthetic_964,57.46,21,2,2,6.69,21.78,0
synthetic_965,106.0,48,2,1,0.05,52.13,0
synthetic_966,92.58,46,2,2,0.0,48.38,0
synthetic_967,36.11,9,1,1,33.93,17.89,1
synthetic_968,100.23,50,3,2,3.64,0.0,0
synthetic_969,56.57,25,1,1,20.15,5.57,1
synthetic_970,55.46,27,5,1,22.54,1.25,1
synthetic_971,23.02,17,2,1,23.31,20.83,0
synthetic_972,34.17,14,5,1,19.94,8.46,1
synthetic_973,93.57,49,0,2,6.21,40.29,0
synthetic_974,32.43,9,2,1,33.81,0.0,1
synthetic_975,126.46,41,1,2,0.0,4.17,0
synthetic_976,104.87,48,0,2,0.77,42.71,0
synthetic_977,38.02,10,5,1,24.56,16.83,1
synthetic_978,91.8,58,0,2,2.49,24.34,0
synthetic_979,76.85,11,6,2,35.56,8.75,1
synthetic_980,130.17,50,2,2,5.92,19.39,0
synthetic_981,83.44,28,2,1,3.83,13.08,0
synthetic_982,91.43,56,1,2,3.74,59.86,0
synthetic_983,109.4,38,3,1,2.01,62.31,0
synthetic_984,22.96,12,9,1,19.29,0.0,1
synthetic_985,109.23,65,2,1,1.13,64.49,0
synthetic_986,27.9,12,2,2,18.27,5.02,0
synthetic_987,43.19,15,4,2,23.63,11.0,0
synthetic_988,57.29,19,7,2,26.58,0.0,1
synthetic_989,121.0,44,1,1,3.64,52.64,0
synthetic_990,92.79,42,1,1,0.0,44.9,0
synthetic_991,77.75,54,1,2,0.56,25.57,0
synthetic_992,137.2,59,1,2,1.68,13.59,0
synthetic_993,46.41,13,3,2,24.78,9.43,1
synthetic_994,66.47,70,1,2,6.67,38.09,0
synthetic_995,48.66,4,4,2,19.23,11.56,1
synthetic_996,127.5,28,1,2,4.78,54.95,0
synthetic_997,69.81,17,5,2,15.94,8.7,0
synthetic_998,114.99,25,1,1,0.0,38.31,0
synthetic_999,25.76,21,4,1,20.75,5.38,0
synthetic_1000,34.74,11,3,1,36.94,10.14,1
synthetic_1001,57.52,53,1,2,6.78,13.77,0
synthetic_1002,29.49,9,4,1,33.83,16.64,1
synthetic_1003,55.01,14,6,1,16.39,5.26,1
synthetic_1004,69.44,46,2,2,1.27,53.09,0
synthetic_1005,23.23,12,4,2,26.27,4.04,1
synthetic_1006,116.24,38,3,1,3.58,32.05,0
synthetic_1007,47.05,0,8,1,31.99,6.13,1
synthetic_1008,106.4,27,1,1,2.8,0.0,0
synthetic_1009,105.76,49,0,1,6.12,59.75,0
synthetic_1010,90.69,43,5,2,8.39,69.4,0
synthetic_1011,73.11,54,1,2,7.79,69.01,0
synthetic_1012,106.3,45,0,2,2.91,25.98,0
synthetic_1013,107.26,45,0,1,1.4,46.03,0
synthetic_1014,48.74,9,5,1,17.78,4.29,1
synthetic_1015,18.7,23,1,1,18.46,6.4,1
synthetic_1016,71.63,45,0,2,3.84,41.77,0
synthetic_1017,108.81,69,1,2,6.52,10.87,0
synthetic_1018,68.92,0,2,2,14.84,14.22,0
synthetic_1019,51.46,5,0,1,36.63,6.32,1
synthetic_1020,89.11,43,1,1,7.82,65.82,0
synthetic_1021,81.19,52,1,1,0.05,50.25,0
synthetic_1022,112.78,38,2,2,1.11,31.73,0
synthetic_1023,66.64,47,1,1,4.14,36.22,0
synthetic_1024,75.13,45,0,1,7.69,42.46,0
synthetic_1025,55.73,8,2,2,13.48,0.18,1
synthetic_1026,127.28,49,1,1,3.86,69.47,0
synthetic_1027,31.63,15,1,2,21.56,1.74,1
synthetic_1028,62.18,46,1,1,2.74,59.66,0
synthetic_1029,11.58,20,6,2,29.59,0.0,1
synthetic_1030,121.99,50,2,1,0.01,48.73,0
synthetic_1031,71.52,76,3,2,3.59,33.01,0
synthetic_1032,44.57,46,1,2,2.96,44.88,0
synthetic_1033,93.56,57,4,1,7.01,23.56,0
synthetic_1034,39.71,15,1,1,35.28,9.15,1
synthetic_1035,126.83,62,0,2,4.16,15.07,0
synthetic_1036,41.78,11,3,2,18.03,10.69,1
synthetic_1037,82.79,0,2,2,21.93,7.34,0
synthetic_1038,72.7,24,2,2,30.18,0.0,0
synthetic_1039,52.09,18,5,2,25.05,4.3,0
synthetic_1040,44.49,6,3,2,12.49,12.75,0
synthetic_1041,118.05,36,1,1,3.58,20.41,0
synthetic_1042,120.97,42,3,2,0.06,0.0,0
synthetic_1043,114.08,63,1,2,8.1,23.93,1
synthetic_1044,43.45,11,4,1,17.66,0.0,1
synthetic_1045,8.56,20,2,1,11.06,12.38,1
synthetic_1046,67.46,10,4,1,15.8,11.85,1
synthetic_1047,61.58,34,3,2,4.86,4.67,0
synthetic_1048,53.66,54,1,2,3.93,21.84,0
synthetic_1049,5.0,15,6,2,18.46,2.88,1
synthetic_1050,91.4,52,3,2,5.89,81.75,0
synthetic_1051,26.92,21,5,2,41.17,11.31,0
synthetic_1052,31.73,11,2,1,6.88,12.29,1
synthetic_1053,57.53,13,5,2,13.75,1.3,1
synthetic_1054,50.09,18,9,1,22.25,0.5,0
synthetic_1055,63.96,37,1,1,4.6,42.01,0
synthetic_1056,132.71,36,0,2,0.0,45.06,0
synthetic_1057,47.52,11,2,1,31.8,13.61,1
synthetic_1058,88.29,49,0,2,4.91,37.43,0
synthetic_1059,89.1,28,2,2,0.0,60.88,0
synthetic_1060,102.19,52,4,1,2.07,62.07,1
synthetic_1061,72.41,28,1,1,0.68,34.33,0
synthetic_1062,41.44,15,6,2,31.78,6.15,1
synthetic_1063,68.39,51,1,1,5.71,47.78,0
synthetic_1064,64.78,16,9,2,37.56,13.75,1
synthetic_1065,71.63,53,1,1,4.28,57.92,0
synthetic_1066,36.07,5,5,2,30.89,6.92,1
synthetic_1067,127.91,35,2,2,2.7,28.61,0
synthetic_1068,47.96,19,6,1,22.52,2.8,1
synthetic_1069,56.23,14,4,2,25.96,13.4,0
synthetic_1070,54.77,59,1,1,6.54,5.83,0
synthetic_1071,83.06,34,2,1,5.8,72.48,0
synthetic_1072,56.73,17,1,2,27.84,5.35,1
synthetic_1073,98.88,60,1,2,5.18,19.42,0
synthetic_1074,51.92,43,2,2,6.55,60.0,0
synthetic_1075,83.01,15,6,2,30.04,4.56,1
synthetic_1076,102.33,36,1,2,3.78,43.66,0
synthetic_1077,120.68,47,1,2,5.18,26.25,0
synthetic_1078,81.9,30,0,2,3.78,37.45,0
synthetic_1079,50.51,17,1,1,21.72,16.55,1
synthetic_1080,35.11,13,2,2,32.64,4.53,1
synthetic_1081,73.06,28,3,1,0.0,34.76,0
synthetic_1082,109.73,37,2,2,4.17,40.11,0
synthetic_1083,40.67,61,1,1,6.48,34.58,1
synthetic_1084,86.03,56,0,2,1.38,55.02,0
synthetic_1085,123.52,46,1,1,3.89,49.19,0
synthetic_1086,95.14,57,0,1,3.78,37.91,0
synthetic_1087,112.93,44,1,1,3.82,5.88,0
synthetic_1088,62.16,50,0,1,2.21,63.64,0
synthetic_1089,62.96,65,0,2,7.29,21.53,0
synthetic_1090,45.99,15,7,2,26.18,0.0,1
synthetic_1091,97.02,36,0,2,1.48,23.1,0
synthetic_1092,39.84,22,0,2,11.52,13.19,1
synthetic_1093,39.01,17,3,1,20.18,14.21,1
synthetic_1094,97.02,46,0,1,8.22,36.07,0
synthetic_1095,53.57,12,6,2,33.55,17.08,1
synthetic_1096,49.69,22,6,2,22.97,7.03,1
synthetic_1097,149.56,47,2,1,1.26,77.78,0
synthetic_1098,104.68,49,2,2,9.35,44.04,0
synthetic_1099,53.49,17,5,1,26.8,7.55,1
synthetic_1100,28.69,21,3,1,32.41,14.36,1
synthetic_1101,51.04,10,1,2,19.09,15.61,1
synthetic_1102,126.1,41,2,1,1.32,47.81,0
synthetic_1103,74.42,51,0,1,3.99,43.67,0
synthetic_1104,16.77,7,4,2,0.02,17.58,0
synthetic_1105,108.11,54,0,1,6.59,63.11,0
synthetic_1106,52.03,7,3,2,26.35,15.11,1
synthetic_1107,36.62,13,5,1,34.34,9.69,1
synthetic_1108,86.91,15,1,2,1.94,46.53,0
synthetic_1109,34.79,11,4,2,9.75,0.0,1
synthetic_1110,21.19,17,3,1,31.99,10.05,1
synthetic_1111,62.67,16,6,2,32.33,14.92,1
synthetic_1112,103.24,53,2,2,2.07,57.49,0
synthetic_1113,98.71,68,1,1,3.59,1.41,0
synthetic_1114,137.63,62,5,2,1.68,65.22,0
synthetic_1115,24.13,32,2,1,23.08,0.0,1
synthetic_1116,36.47,15,4,2,19.64,7.43,1
synthetic_1117,73.57,36,0,1,7.34,57.7,0
synthetic_1118,42.58,9,3,1,19.39,7.23,1
synthetic_1119,80.54,53,2,1,7.34,48.86,0
synthetic_1120,102.91,58,1,1,7.69,45.72,0
synthetic_1121,7.27,6,4,1,26.8,6.83,1
synthetic_1122,96.0,53,0,2,9.61,16.46,0
synthetic_1123,61.41,13,3,2,18.31,17.78,0
synthetic_1124,70.04,21,9,2,22.2,3.52,0
synthetic_1125,118.54,35,3,2,1.99,31.41,0
synthetic_1126,110.29,43,3,2,4.45,28.59,0
synthetic_1127,130.27,33,0,2,6.64,43.16,0
synthetic_1128,66.26,66,0,2,3.31,54.37,0
synthetic_1129,122.41,29,2,1,1.09,69.75,0
synthetic_1130,75.18,43,2,2,6.37,34.3,0
synthetic_1131,83.71,22,3,2,0.65,32.65,0
synthetic_1132,45.11,29,0,1,37.79,14.45,1
synthetic_1133,119.66,45,2,2,4.13,69.29,0
synthetic_1134,71.93,41,0,1,0.0,12.84,0
synthetic_1135,8.84,11,5,1,14.53,12.67,0
synthetic_1136,96.95,45,1,1,4.05,45.85,0
synthetic_1137,72.45,11,5,1,23.1,15.16,0
synthetic_1138,63.08,26,6,2,16.38,20.49,0
synthetic_1139,163.72,68,1,2,0.0,51.48,0
synthetic_1140,44.94,15,5,1,24.69,9.5,1
synthetic_1141,80.3,51,2,2,6.58,44.65,0
synthetic_1142,69.07,39,2,2,12.11,22.48,0
synthetic_1143,88.49,36,0,2,4.29,10.66,0
synthetic_1144,66.9,8,2,1,27.74,0.0,0
synthetic_1145,30.39,14,5,2,19.94,18.15,1
synthetic_1146,104.04,42,2,2,8.32,35.19,0
synthetic_1147,85.74,49,0,1,5.5,90.57,0
synthetic_1148,134.7,35,0,2,6.5,58.46,0
synthetic_1149,80.29,12,0,1,6.28,62.91,0
synthetic_1150,46.46,14,3,2,41.14,6.77,1
synthetic_1151,107.78,74,1,2,0.0,8.8,0
synthetic_1152,24.03,10,6,2,33.91,11.84,1
synthetic_1153,61.04,21,4,2,17.26,13.71,0
synthetic_1154,103.57,41,2,2,0.41,31.08,0
synthetic_1155,40.64,13,4,1,36.49,0.77,1
synthetic_1156,39.09,10,0,2,33.32,0.56,1
synthetic_1157,52.16,14,2,1,22.6,14.23,1
synthetic_1158,5.0,29,2,2,19.78,6.37,0
synthetic_1159,125.26,45,0,2,3.27,27.3,0
synthetic_1160,31.46,8,5,1,12.27,3.55,0
synthetic_1161,76.86,56,1,2,4.21,43.23,0
synthetic_1162,111.46,39,0,1,0.23,51.34,0
synthetic_1163,44.02,18,5,1,25.83,7.81,1
synthetic_1164,83.28,12,3,2,23.7,15.52,0
synthetic_1165,116.2,41,0,1,1.86,64.4,0
synthetic_1166,83.47,34,1,1,3.08,22.11,0
synthetic_1167,86.4,40,0,2,6.43,29.56,0
synthetic_1168,73.52,67,0,2,2.13,25.78,0
synthetic_1169,46.4,14,4,1,10.35,14.98,0
synthetic_1170,61.96,26,5,1,14.36,8.35,1
synthetic_1171,81.34,36,1,1,4.77,60.59,0
synthetic_1172,25.32,32,2,2,24.43,12.42,1
synthetic_1173,89.58,58,2,2,0.0,4.33,0
synthetic_1174,89.34,56,0,2,4.38,29.36,0
synthetic_1175,132.48,47,0,2,1.26,41.0,0
synthetic_1176,87.12,41,1,1,0.0,51.61,0
synthetic_1177,71.09,5,2,2,51.46,2.31,1
synthetic_1178,25.48,10,4,2,21.15,8.69,0
synthetic_1179,30.32,22,0,1,34.91,6.84,1
synthetic_1180,60.91,37,3,2,6.93,58.09,0
synthetic_1181,85.61,20,6,1,28.25,7.22,1
synthetic_1182,51.09,20,7,2,31.5,6.81,1
synthetic_1183,54.6,30,3,2,6.96,4.16,0
synthetic_1184,18.2,23,1,1,39.47,11.94,1
synthetic_1185,59.27,44,2,2,2.09,65.08,1
synthetic_1186,55.18,26,2,2,18.51,7.74,1
synthetic_1187,67.66,46,2,2,9.52,38.25,0
synthetic_1188,66.51,13,2,2,16.33,8.6,1
synthetic_1189,116.52,59,1,1,4.45,19.98,0
synthetic_1190,26.06,12,3,1,10.06,2.23,1
synthetic_1191,24.56,16,0,2,29.61,8.42,1
synthetic_1192,124.1,47,0,1,6.32,79.23,0
synthetic_1193,104.16,40,1,1,0.65,38.37,0
synthetic_1194,79.8,45,0,2,6.33,22.8,0
synthetic_1195,42.29,16,9,2,39.66,10.69,1
synthetic_1196,45.73,20,8,2,6.4,8.17,1
synthetic_1197,103.41,57,1,2,3.42,37.48,0
synthetic_1198,62.8,17,2,1,21.77,1.78,0
synthetic_1199,67.66,34,0,1,7.08,40.1,1
synthetic_1200,98.5,63,0,2,0.0,67.71,0
synthetic_1201,92.65,47,2,1,0.37,52.38,0
synthetic_1202,105.89,43,1,2,5.75,43.9,0
synthetic_1203,111.63,64,1,1,6.47,62.83,0
synthetic_1204,45.21,26,7,1,25.57,11.56,1
synthetic_1205,60.91,5,13,2,17.65,20.98,1
synthetic_1206,113.67,42,3,1,2.91,53.89,0
synthetic_1207,77.54,29,1,1,7.8,69.99,0
synthetic_1208,61.07,23,2,2,16.75,6.25,0
synthetic_1209,41.0,1,6,2,26.02,6.05,1
synthetic_1210,93.6,38,1,2,8.27,23.8,0
synthetic_1211,78.57,37,2,1,6.48,49.56,1
synthetic_1212,102.96,38,0,2,2.65,44.48,0
synthetic_1213,16.55,19,3,2,21.69,9.63,1
synthetic_1214,38.44,0,7,1,18.35,15.74,1
synthetic_1215,104.41,43,0,2,1.0,69.44,0
synthetic_1216,34.79,22,5,2,21.61,14.15,1
synthetic_1217,103.19,73,4,1,3.49,51.05,0
synthetic_1218,83.86,43,2,2,4.64,47.41,0
synthetic_1219,72.46,13,7,1,1.65,10.2,1
synthetic_1220,50.27,9,4,2,5.3,16.54,0
synthetic_1221,46.63,16,3,1,39.85,14.49,1
synthetic_1222,96.85,48,0,2,7.16,41.26,0
synthetic_1223,78.72,45,1,2,3.61,49.86,0
synthetic_1224,45.26,21,8,2,15.98,22.18,1
synthetic_1225,107.74,38,0,1,0.0,12.79,0
synthetic_1226,74.57,39,1,1,2.65,36.37,0
synthetic_1227,91.44,45,1,1,4.84,72.5,0
synthetic_1228,87.28,21,4,1,3.81,28.93,0
synthetic_1229,54.23,19,7,2,42.68,10.14,1
synthetic_1230,33.37,17,4,2,25.83,4.14,1
synthetic_1231,57.96,47,0,1,3.26,82.39,0
synthetic_1232,41.36,7,7,2,25.83,0.08,1
synthetic_1233,114.28,58,1,2,2.39,15.46,0
synthetic_1234,35.31,21,4,2,31.99,5.2,1
synthetic_1235,66.58,14,1,1,23.72,10.53,1
synthetic_1236,11.36,9,8,2,9.93,4.86,0
synthetic_1237,47.25,24,1,2,16.16,9.48,0
synthetic_1238,76.71,8,3,1,27.73,12.44,0
synthetic_1239,29.79,32,6,2,5.35,10.87,1
synthetic_1240,96.62,43,5,1,8.88,56.38,0
synthetic_1241,18.92,28,1,2,17.34,7.38,1
synthetic_1242,77.54,15,4,1,31.75,10.86,1
synthetic_1243,43.33,27,3,1,39.14,4.38,0
synthetic_1244,45.93,11,5,2,25.79,6.83,1
synthetic_1245,72.09,16,5,1,0.0,10.08,0
synthetic_1246,104.42,48,3,2,5.4,32.17,0
synthetic_1247,27.49,21,4,1,56.96,4.33,1
synthetic_1248,97.22,14,1,2,0.0,68.36,0
synthetic_1249,128.58,58,0,2,5.51,17.48,0
synthetic_1250,32.52,17,4,2,45.73,15.24,1
synthetic_1251,5.0,25,7,2,8.64,12.87,1
synthetic_1252,43.94,11,3,2,27.73,8.13,1
synthetic_1253,117.18,59,0,1,0.44,22.63,0
synthetic_1254,77.33,14,5,2,44.02,0.0,1
synthetic_1255,89.14,15,2,2,2.69,83.43,0
synthetic_1256,128.22,52,1,2,6.22,0.0,0
synthetic_1257,104.38,41,0,2,2.5,0.89,0
synthetic_1258,77.45,59,1,2,0.21,36.46,0
synthetic_1259,87.52,52,0,2,9.15,46.54,0
synthetic_1260,65.33,15,7,2,30.31,8.42,1
synthetic_1261,89.64,27,2,2,23.77,5.65,0
synthetic_1262,59.53,23,4,2,10.89,18.15,0
synthetic_1263,92.21,40,0,2,6.82,52.32,0
synthetic_1264,99.07,23,0,2,5.31,36.55,1
synthetic_1265,84.85,38,0,2,5.4,57.71,0
synthetic_1266,86.2,30,2,2,30.12,4.98,0
synthetic_1267,99.67,28,0,2,2.68,9.36,0
synthetic_1268,93.76,46,1,1,6.66,30.98,0
synthetic_1269,118.82,51,2,2,3.21,49.82,0
synthetic_1270,87.7,45,0,2,4.35,47.66,0
synthetic_1271,31.68,9,4,1,21.35,10.32,1
synthetic_1272,31.62,11,3,2,26.95,0.0,1
synthetic_1273,85.93,41,1,1,0.96,37.36,0
synthetic_1274,43.79,11,5,1,11.49,1.5,1
synthetic_1275,104.92,25,1,2,20.9,4.76,0
synthetic_1276,23.46,16,4,2,35.34,9.13,1
synthetic_1277,49.58,12,4,1,25.04,4.11,1
synthetic_1278,106.35,38,0,1,9.4,25.45,0
synthetic_1279,82.54,50,3,1,5.73,67.07,0
synthetic_1280,47.2,14,6,2,27.43,8.59,1
synthetic_1281,24.1,22,2,1,8.1,16.98,1
synthetic_1282,47.13,7,2,1,20.22,16.49,1
synthetic_1283,55.69,20,0,2,0.65,41.79,0
synthetic_1284,68.98,39,1,2,7.61,67.88,1
synthetic_1285,95.2,58,0,1,0.8,56.53,0
synthetic_1286,73.25,11,1,2,18.72,15.95,1
synthetic_1287,63.74,7,3,2,12.89,8.7,0
synthetic_1288,67.16,65,1,2,9.04,22.06,0
synthetic_1289,127.8,49,1,2,7.17,65.28,0
synthetic_1290,138.3,42,3,2,2.94,41.72,0
synthetic_1291,73.84,33,2,1,1.03,26.83,0
synthetic_1292,100.14,39,0,1,2.72,0.0,0
synthetic_1293,35.43,10,7,1,32.01,10.4,1
synthetic_1294,26.29,13,6,2,29.45,0.0,1
synthetic_1295,21.24,14,1,1,9.06,13.5,0
synthetic_1296,11.98,15,3,1,29.67,14.46,1
synthetic_1297,40.3,23,6,1,35.68,0.0,0
synthetic_1298,76.15,56,2,1,9.65,9.64,0
synthetic_1299,24.99,30,4,1,0.0,5.72,1
synthetic_1300,37.12,5,4,2,24.65,2.67,0
synthetic_1301,86.14,49,3,1,4.75,38.46,0
synthetic_1302,94.08,45,0,2,4.01,22.69,0
synthetic_1303,59.8,13,3,2,51.0,11.66,0
synthetic_1304,112.27,43,2,2,1.43,7.17,0
synthetic_1305,119.04,53,3,1,1.01,42.02,0
synthetic_1306,66.76,47,1,1,10.08,61.93,0
synthetic_1307,136.87,36,0,1,0.0,59.56,0
synthetic_1308,29.35,23,3,1,23.54,11.62,1
synthetic_1309,120.77,49,1,2,0.44,68.5,0
synthetic_1310,62.68,15,2,1,16.25,15.44,1
synthetic_1311,84.93,41,0,2,3.18,56.38,0
synthetic_1312,86.81,31,0,2,5.24,30.16,0
synthetic_1313,5.45,26,0,1,31.05,0.0,1
synthetic_1314,72.08,21,8,1,20.86,17.68,0
synthetic_1315,76.6,21,0,2,4.25,48.65,0
synthetic_1316,90.32,61,0,1,8.72,52.59,0
synthetic_1317,52.74,12,2,1,59.3,0.06,1
synthetic_1318,70.7,47,1,1,3.55,60.58,0
synthetic_1319,78.65,59,1,2,6.56,53.54,0
synthetic_1320,72.0,65,1,1,4.49,31.94,0
synthetic_1321,86.6,57,1,2,6.31,51.66,0
synthetic_1322,62.36,17,8,1,17.56,7.63,0
synthetic_1323,97.41,28,2,2,6.21,25.28,0
synthetic_1324,34.17,22,5,2,18.76,3.81,0
synthetic_1325,50.79,56,1,2,5.27,34.23,0
synthetic_1326,32.48,20,6,1,20.31,8.52,1
synthetic_1327,95.13,35,2,2,7.13,46.6,0
synthetic_1328,27.35,18,1,1,17.18,0.95,1
synthetic_1329,51.72,5,10,1,20.84,7.73,1
synthetic_1330,91.7,38,1,1,0.0,49.58,0
synthetic_1331,98.45,58,0,2,5.28,60.47,0
synthetic_1332,80.12,48,1,1,6.08,38.0,0
synthetic_1333,107.27,42,0,1,0.0,8.57,0
synthetic_1334,57.42,77,2,1,2.16,42.59,0
synthetic_1335,110.54,28,1,1,6.25,66.03,0
synthetic_1336,66.1,12,5,1,11.13,0.0,0
synthetic_1337,85.26,32,1,2,4.17,32.56,0
synthetic_1338,90.35,43,2,1,6.74,55.68,0
synthetic_1339,66.09,13,4,1,31.68,1.26,0
synthetic_1340,51.5,15,5,2,14.35,8.09,1
synthetic_1341,159.67,42,0,1,0.76,42.38,0
synthetic_1342,119.4,41,3,2,5.05,33.65,0
synthetic_1343,83.69,42,2,1,0.0,52.3,0
synthetic_1344,107.6,32,0,2,0.11,22.0,0
synthetic_1345,108.47,53,2,2,2.49,46.6,0
synthetic_1346,60.7,18,2,1,16.39,9.47,1
synthetic_1347,19.89,9,4,1,11.5,14.76,1
synthetic_1348,54.74,21,3,1,20.36,0.0,0
synthetic_1349,20.17,10,1,1,38.98,0.0,1
synthetic_1350,62.76,59,0,1,4.96,50.69,0
synthetic_1351,80.58,57,2,1,7.14,32.81,0
synthetic_1352,55.46,8,7,1,38.68,12.92,1
synthetic_1353,63.07,12,4,2,31.65,10.65,1
synthetic_1354,123.33,61,0,1,8.75,34.6,0
synthetic_1355,55.63,17,5,1,35.14,6.91,0
synthetic_1356,142.04,43,1,1,5.46,40.57,0
synthetic_1357,64.24,59,0,2,5.49,52.32,0
synthetic_1358,54.42,55,0,1,4.99,38.66,0
synthetic_1359,5.0,20,4,1,11.4,10.47,1
synthetic_1360,72.31,32,0,2,2.2,66.71,0
synthetic_1361,29.94,17,1,2,48.1,10.42,1
synthetic_1362,93.53,37,0,1,0.91,20.07,0
synthetic_1363,67.17,12,1,2,22.23,5.84,1
synthetic_1364,78.15,54,0,1,5.5,57.78,0
synthetic_1365,103.65,36,2,1,9.35,48.98,0
synthetic_1366,31.78,24,3,1,13.52,12.89,0
synthetic_1367,8.08,14,6,1,25.05,3.32,1
synthetic_1368,47.47,12,6,1,21.06,11.84,0
synthetic_1369,35.58,0,2,1,22.17,0.0,1
synthetic_1370,36.2,23,3,1,22.27,6.44,0
synthetic_1371,91.56,33,2,1,8.52,20.54,0
synthetic_1372,14.48,12,2,1,14.34,18.73,0
synthetic_1373,68.0,34,2,2,7.22,45.63,0
synthetic_1374,105.55,28,2,2,5.3,37.77,0
synthetic_1375,63.17,19,3,1,13.2,4.89,0
synthetic_1376,123.24,61,2,2,9.66,18.54,0
synthetic_1377,98.19,43,2,2,4.82,19.74,0
synthetic_1378,94.12,50,1,2,2.84,74.66,0
synthetic_1379,29.69,23,1,1,21.57,3.46,1
synthetic_1380,63.55,19,1,2,25.94,18.33,0
synthetic_1381,80.42,22,7,1,23.76,8.6,0
synthetic_1382,81.28,15,0,2,0.74,19.51,0
synthetic_1383,99.0,35,0,2,7.24,51.53,0
synthetic_1384,61.34,67,1,1,6.07,69.48,0
synthetic_1385,93.55,24,11,2,23.2,2.87,0
synthetic_1386,72.6,42,1,1,1.53,63.15,0
synthetic_1387,74.24,15,3,1,18.46,7.77,1
synthetic_1388,94.93,48,1,1,8.59,71.47,0
synthetic_1389,44.16,2,5,2,22.34,6.77,1
synthetic_1390,76.6,52,1,1,0.08,29.43,0
synthetic_1391,106.49,15,0,1,3.37,0.0,0
synthetic_1392,29.67,37,4,1,13.34,0.0,1
synthetic_1393,28.81,11,3,2,14.82,16.36,1
synthetic_1394,102.71,43,1,2,6.42,59.85,0
synthetic_1395,68.83,21,4,1,26.86,4.7,1
synthetic_1396,82.42,57,3,2,4.49,18.08,0
synthetic_1397,95.84,51,2,1,6.14,64.46,0
synthetic_1398,92.41,46,0,2,6.24,24.53,0
synthetic_1399,38.78,14,5,2,52.58,8.51,1
synthetic_1400,72.02,22,5,2,27.07,15.55,0
synthetic_1401,59.26,22,3,1,31.08,9.67,1
synthetic_1402,96.5,54,3,1,1.71,28.29,0
synthetic_1403,24.33,16,4,2,28.48,11.49,1
synthetic_1404,54.84,8,6,1,5.76,12.33,0
synthetic_1405,41.45,15,2,2,0.0,0.0,0
synthetic_1406,109.68,26,1,2,2.59,15.75,0
synthetic_1407,66.45,3,3,1,15.75,20.06,0
synthetic_1408,84.38,45,1,2,6.22,42.34,0
synthetic_1409,83.57,36,3,2,4.74,45.86,0
synthetic_1410,107.72,40,0,1,6.72,32.83,0
synthetic_1411,47.07,60,2,2,2.15,31.7,1
synthetic_1412,110.95,43,0,1,0.0,49.94,0
synthetic_1413,57.52,23,0,1,1.97,76.17,0
synthetic_1414,31.9,18,3,2,26.69,4.17,1
synthetic_1415,84.71,46,1,1,9.61,33.19,0
synthetic_1416,138.4,45,0,1,8.53,27.75,0
synthetic_1417,128.55,52,1,1,3.5,9.76,0
synthetic_1418,109.13,51,0,1,6.98,9.51,0
synthetic_1419,102.13,43,0,1,0.0,25.35,0
synthetic_1420,57.75,31,2,2,8.75,32.08,1
synthetic_1421,98.14,40,2,1,5.69,68.32,0
synthetic_1422,84.02,38,0,2,6.49,59.79,0
synthetic_1423,52.98,23,5,2,24.87,3.88,1
synthetic_1424,51.07,23,4,1,36.9,26.34,1
synthetic_1425,78.75,27,3,1,35.55,13.35,1
synthetic_1426,67.05,28,4,2,11.58,8.46,0
synthetic_1427,23.8,2,2,1,18.64,6.51,0
synthetic_1428,96.5,63,0,2,3.38,82.2,0
synthetic_1429,62.85,3,5,2,22.99,3.84,0
synthetic_1430,86.81,46,2,2,4.42,10.44,0
synthetic_1431,101.09,52,0,1,0.5,54.88,0
synthetic_1432,48.76,13,7,2,19.54,5.75,1
synthetic_1433,49.01,14,4,2,14.91,5.2,0
synthetic_1434,47.42,19,2,1,31.26,4.03,1
synthetic_1435,81.79,54,0,2,5.3,42.49,0
synthetic_1436,43.39,7,2,1,34.24,14.09,0
synthetic_1437,91.91,43,1,2,5.33,75.39,0
synthetic_1438,79.64,35,1,2,6.88,52.33,0
synthetic_1439,95.14,22,1,2,5.39,74.33,0
synthetic_1440,55.08,10,5,2,0.0,5.47,1
synthetic_1441,44.4,1,5,1,26.63,4.02,0
synthetic_1442,33.7,23,5,1,34.92,12.1,1
synthetic_1443,50.92,11,9,2,37.71,3.17,1
synthetic_1444,64.83,8,4,2,21.65,10.31,1
synthetic_1445,97.92,56,3,1,6.23,47.82,0
synthetic_1446,74.46,33,0,1,3.93,41.9,0
synthetic_1447,86.26,59,0,2,5.5,48.36,0
synthetic_1448,88.6,43,2,2,1.48,12.35,0
synthetic_1449,43.85,8,3,1,21.52,6.14,1
synthetic_1450,102.75,41,1,1,4.43,33.38,0
synthetic_1451,84.89,36,2,1,1.75,39.73,0
synthetic_1452,87.89,29,2,2,9.94,26.96,0
synthetic_1453,83.63,54,2,1,1.74,23.01,0
synthetic_1454,83.47,17,3,2,11.34,6.62,0
synthetic_1455,38.52,17,3,2,37.24,4.35,1
synthetic_1456,50.83,9,5,1,3.8,3.06,0
synthetic_1457,84.89,17,3,1,21.19,11.59,1
synthetic_1458,110.19,20,0,2,0.5,46.48,0
synthetic_1459,81.29,17,4,2,20.65,5.3,1
synthetic_1460,81.36,52,1,1,2.94,22.16,0
synthetic_1461,120.58,30,1,2,6.36,77.28,0
synthetic_1462,60.0,10,6,1,24.4,8.62,1
synthetic_1463,51.14,26,6,1,19.95,0.15,0
synthetic_1464,89.79,45,2,1,7.28,47.87,0
synthetic_1465,98.62,64,2,1,1.12,39.74,0
synthetic_1466,46.52,25,2,1,39.17,7.13,1
synthetic_1467,62.95,3,5,2,21.2,0.98,1
synthetic_1468,81.46,55,0,1,0.0,4.49,0
synthetic_1469,38.67,23,4,2,23.89,0.0,1
synthetic_1470,134.63,79,1,1,2.79,47.86,0
synthetic_1471,64.85,34,5,2,10.67,3.24,0
synthetic_1472,69.5,17,6,2,34.32,4.53,1
synthetic_1473,105.8,50,1,1,0.0,6.07,0
synthetic_1474,100.47,64,2,1,0.0,51.13,0
synthetic_1475,97.17,43,0,2,4.03,76.5,0
synthetic_1476,75.55,24,7,2,27.05,20.82,0
synthetic_1477,109.37,35,5,1,4.74,58.79,0
synthetic_1478,100.28,49,1,1,9.6,76.64,0
synthetic_1479,81.12,15,5,1,3.89,58.87,0
synthetic_1480,26.39,23,9,2,32.4,3.09,1
synthetic_1481,39.65,10,2,2,11.49,4.45,0
synthetic_1482,88.83,41,0,1,1.66,38.27,0
synthetic_1483,16.55,20,4,2,10.77,9.16,0
synthetic_1484,64.22,39,0,1,6.52,41.67,0
synthetic_1485,28.43,14,2,1,14.48,11.35,0
synthetic_1486,77.75,44,0,2,5.07,24.76,0
synthetic_1487,97.62,46,0,2,8.75,30.73,0
synthetic_1488,146.37,54,0,2,5.37,72.49,0
synthetic_1489,75.75,41,0,1,4.98,27.6,0
synthetic_1490,9.74,2,5,1,25.52,6.22,1
synthetic_1491,94.65,33,3,1,1.85,110.31,0
synthetic_1492,78.06,68,0,2,8.28,31.27,0
synthetic_1493,112.68,58,2,2,1.08,34.63,0
synthetic_1494,18.53,19,4,1,8.45,13.76,0
synthetic_1495,108.08,42,1,2,0.0,40.32,0
synthetic_1496,68.42,47,1,1,4.75,24.82,0
synthetic_1497,58.86,52,1,1,7.98,69.79,0
synthetic_1498,13.29,11,3,2,30.51,8.23,1
synthetic_1499,63.63,29,1,2,3.15,19.09,0
synthetic_1500,125.37,50,0,1,3.34,0.0,0
synthetic_1501,64.4,20,1,1,3.35,61.9,0
synthetic_1502,60.54,23,5,2,16.48,1.31,1
synthetic_1503,70.74,14,5,1,22.54,15.13,1
synthetic_1504,83.27,28,0,2,8.71,21.42,0
synthetic_1505,64.63,26,0,1,2.5,41.88,0
synthetic_1506,135.8,48,2,1,4.69,39.45,0
synthetic_1507,74.97,62,0,2,4.67,58.42,0
synthetic_1508,57.25,9,3,1,13.1,9.52,0
synthetic_1509,90.82,22,0,1,4.83,17.54,0
synthetic_1510,39.83,33,10,1,12.3,12.08,0
synthetic_1511,20.78,13,3,1,24.3,0.0,1
synthetic_1512,78.46,31,1,1,3.79,21.1,0
synthetic_1513,88.48,47,0,2,0.0,43.78,0
synthetic_1514,90.46,47,2,1,0.0,47.82,0
synthetic_1515,44.2,22,4,1,35.48,10.65,1
synthetic_1516,59.31,22,3,2,24.17,6.52,0
synthetic_1517,135.36,52,0,1,6.49,44.91,0
synthetic_1518,31.31,13,4,1,22.67,16.02,0
synthetic_1519,46.98,14,3,1,29.44,8.43,1
synthetic_1520,65.13,28,4,2,24.14,19.67,0
synthetic_1521,69.04,43,1,2,1.5,4.47,0
synthetic_1522,77.51,41,4,1,10.61,5.31,0
synthetic_1523,75.59,53,1,1,1.61,24.14,0
synthetic_1524,86.71,37,2,1,0.0,35.03,0
synthetic_1525,65.38,22,2,1,3.84,4.07,0
synthetic_1526,26.23,19,9,2,28.89,13.54,1
synthetic_1527,79.34,48,2,2,2.28,44.78,0
synthetic_1528,33.21,18,8,1,26.52,1.15,1
synthetic_1529,43.48,17,5,1,28.13,11.96,1
synthetic_1530,51.46,19,4,2,28.38,0.91,1
synthetic_1531,54.67,20,6,1,22.05,18.03,1
synthetic_1532,93.01,41,0,2,3.73,34.83,0
synthetic_1533,66.34,37,1,2,6.14,57.97,0
synthetic_1534,59.56,16,2,2,29.95,19.55,1
synthetic_1535,69.43,44,0,2,8.22,0.0,0
synthetic_1536,121.14,32,0,2,0.06,69.05,0
synthetic_1537,105.61,40,2,2,0.88,36.01,0
synthetic_1538,77.77,52,2,2,1.24,41.38,0
synthetic_1539,44.32,19,3,1,18.57,3.09,1
synthetic_1540,78.49,45,1,2,0.77,22.95,0
synthetic_1541,48.22,16,5,1,23.32,15.96,0
synthetic_1542,41.01,31,3,2,14.23,0.0,0
synthetic_1543,27.59,11,4,1,30.0,2.45,1
synthetic_1544,136.62,34,0,2,6.08,43.75,0
synthetic_1545,24.41,15,3,2,26.88,2.68,1
synthetic_1546,30.49,6,2,1,22.63,11.86,1
synthetic_1547,108.43,56,1,2,4.06,31.17,0
synthetic_1548,7.88,12,1,2,27.43,8.49,1
synthetic_1549,70.49,20,4,1,26.08,16.95,0
synthetic_1550,57.48,17,4,1,25.71,0.0,1
synthetic_1551,62.98,9,6,2,42.84,9.9,1
synthetic_1552,56.16,26,5,2,21.56,7.26,1
synthetic_1553,41.78,24,3,1,23.64,7.28,1
synthetic_1554,23.74,27,7,1,23.05,2.57,1
synthetic_1555,129.81,46,1,2,5.79,54.7,0
synthetic_1556,66.32,48,0,2,7.68,39.25,0
synthetic_1557,131.77,46,1,2,8.66,21.91,0
synthetic_1558,91.28,55,2,2,5.78,33.26,0
synthetic_1559,66.88,45,1,1,5.18,26.64,0
synthetic_1560,79.96,66,0,1,8.16,38.05,0
synthetic_1561,61.98,46,1,1,1.41,27.59,0
synthetic_1562,108.07,25,3,1,8.34,20.45,0
synthetic_1563,74.23,53,1,1,4.39,17.96,0
synthetic_1564,98.37,50,2,1,4.41,3.23,0
synthetic_1565,117.68,45,3,1,2.65,61.63,0
synthetic_1566,50.38,25,6,2,0.0,19.33,1
synthetic_1567,23.78,10,6,1,37.95,15.66,0
synthetic_1568,68.93,22,0,1,5.21,53.02,1
synthetic_1569,87.23,65,1,1,2.89,40.85,0
synthetic_1570,62.73,10,0,1,18.34,12.23,0
synthetic_1571,110.56,57,2,2,2.99,18.99,0
synthetic_1572,89.71,26,3,2,0.0,37.02,0
synthetic_1573,82.77,32,2,1,3.47,54.82,0
synthetic_1574,45.33,18,4,2,42.86,8.02,0
synthetic_1575,73.34,9,6,1,30.35,13.55,1
synthetic_1576,86.62,51,2,1,8.76,49.19,0
synthetic_1577,105.6,45,1,1,2.08,36.75,0
synthetic_1578,75.93,43,4,1,6.37,25.3,0
synthetic_1579,75.83,37,4,1,2.08,59.21,0
synthetic_1580,102.4,31,0,2,3.94,43.12,0
synthetic_1581,30.56,15,2,2,21.52,15.99,1
synthetic_1582,39.91,19,4,2,26.09,9.71,1
synthetic_1583,5.0,16,3,2,30.96,19.64,1
synthetic_1584,58.44,32,2,1,4.58,56.4,0
synthetic_1585,97.19,41,2,1,5.61,34.39,0
synthetic_1586,60.68,14,7,1,21.82,11.5,1
synthetic_1587,108.87,43,1,1,3.25,18.78,0
synthetic_1588,32.99,20,6,2,27.04,16.48,1
synthetic_1589,56.8,13,4,2,23.52,2.49,0
synthetic_1590,59.47,21,6,1,15.52,6.51,1
synthetic_1591,29.63,19,6,1,10.71,13.24,1
synthetic_1592,54.59,39,1,1,5.85,35.81,1
synthetic_1593,5.0,23,3,1,23.2,7.57,1
synthetic_1594,70.57,62,1,2,4.28,47.32,1
synthetic_1595,131.51,51,1,1,3.28,33.07,0
synthetic_1596,46.48,15,5,2,30.31,6.58,1
synthetic_1597,26.09,28,5,1,20.86,5.88,1
synthetic_1598,89.3,39,2,2,8.58,20.28,0
synthetic_1599,20.49,14,1,2,7.62,17.41,1
synthetic_1600,94.35,32,1,2,6.8,61.97,0
synthetic_1601,53.51,21,2,2,31.21,8.47,1
synthetic_1602,101.23,57,0,2,0.33,30.07,0
synthetic_1603,73.85,59,3,1,5.48,34.32,0
synthetic_1604,14.18,12,5,2,30.67,18.6,1
synthetic_1605,32.6,16,2,1,36.14,10.28,1
synthetic_1606,85.89,49,1,1,3.31,35.25,0
synthetic_1607,36.93,0,5,2,25.17,0.0,1
synthetic_1608,46.5,19,4,2,23.9,13.99,0
synthetic_1609,73.51,1,3,1,32.75,5.24,1
synthetic_1610,61.24,22,2,1,13.65,3.34,1
synthetic_1611,86.94,39,3,2,1.2,43.52,0
synthetic_1612,83.5,53,0,2,6.89,39.43,0
synthetic_1613,57.81,25,3,1,26.25,5.79,1
synthetic_1614,104.26,50,0,1,10.7,47.01,0
synthetic_1615,61.98,27,7,2,36.77,16.21,1
synthetic_1616,41.79,13,3,1,34.3,12.1,1
synthetic_1617,113.98,52,0,1,6.54,64.21,0
synthetic_1618,93.42,35,2,1,5.47,30.68,0
synthetic_1619,49.34,28,3,2,32.06,3.02,0
synthetic_1620,40.45,20,6,2,28.05,4.8,1
synthetic_1621,67.81,45,0,1,0.0,43.08,1
synthetic_1622,99.65,39,4,1,5.57,58.66,0
synthetic_1623,57.2,23,5,2,0.0,3.95,0
synthetic_1624,44.13,15,4,1,6.06,7.53,0
synthetic_1625,54.63,59,3,2,4.87,52.93,0
synthetic_1626,52.14,12,6,1,19.1,8.54,1
synthetic_1627,21.91,23,4,2,26.11,4.49,1
synthetic_1628,27.11,21,6,1,28.02,0.87,1
synthetic_1629,5.0,11,6,1,44.59,0.0,1
synthetic_1630,142.05,46,0,1,6.1,25.59,0
synthetic_1631,103.08,42,0,1,1.34,41.93,0
synthetic_1632,79.7,38,2,1,0.0,48.67,0
synthetic_1633,82.45,41,0,2,6.82,90.09,0
synthetic_1634,95.01,51,0,2,5.21,70.38,0
synthetic_1635,20.92,21,3,1,32.12,1.87,1
synthetic_1636,43.7,18,4,2,16.37,9.59,0
synthetic_1637,114.71,45,1,2,0.0,67.82,0
synthetic_1638,79.29,19,5,1,4.86,9.58,1
synthetic_1639,62.06,38,0,1,2.31,40.61,0
synthetic_1640,78.64,52,2,2,6.47,32.15,1
synthetic_1641,24.9,14,3,2,30.68,16.88,1
synthetic_1642,106.98,55,2,1,2.96,33.48,0
synthetic_1643,41.84,31,8,1,41.87,11.2,0
synthetic_1644,56.21,22,4,2,20.46,16.79,0
synthetic_1645,85.69,27,1,2,5.4,10.06,0
synthetic_1646,41.54,30,4,2,21.84,2.4,1
synthetic_1647,106.77,46,0,1,6.86,53.43,0
synthetic_1648,81.36,33,1,1,1.93,20.51,0
synthetic_1649,92.18,68,2,2,6.24,49.67,0
synthetic_1650,33.42,2,2,1,38.63,17.03,1
synthetic_1651,18.13,14,5,2,14.11,0.0,1
synthetic_1652,77.5,12,4,2,18.6,9.82,0
synthetic_1653,94.79,17,5,1,9.56,0.0,1
synthetic_1654,120.42,50,2,2,4.76,66.66,0
synthetic_1655,18.52,15,5,2,8.72,18.99,1
synthetic_1656,29.54,15,4,1,21.92,1.92,1
synthetic_1657,89.84,48,0,2,8.52,76.8,0
synthetic_1658,71.82,18,2,1,12.16,10.14,0
synthetic_1659,20.74,16,5,1,14.35,4.23,1
synthetic_1660,42.51,17,1,1,29.3,6.9,1
synthetic_1661,90.05,38,0,1,0.14,49.79,0
synthetic_1662,113.45,60,1,1,7.1,23.55,0
synthetic_1663,38.13,12,4,2,27.62,11.44,1
synthetic_1664,90.15,40,1,2,2.11,50.45,0
synthetic_1665,85.49,42,3,2,3.76,44.02,0
synthetic_1666,114.12,49,0,2,0.0,29.86,0
synthetic_1667,43.35,15,7,1,19.14,6.03,1
synthetic_1668,53.1,12,2,2,21.51,7.9,1
synthetic_1669,125.83,59,1,2,6.01,24.41,0
synthetic_1670,28.08,12,1,1,20.55,4.12,1
synthetic_1671,121.7,69,0,1,4.04,15.62,0
synthetic_1672,74.12,49,4,2,3.82,43.11,0
synthetic_1673,54.81,26,4,1,7.92,3.58,0
synthetic_1674,110.05,53,1,2,2.55,53.02,0
synthetic_1675,64.91,61,0,2,6.87,68.43,0
synthetic_1676,106.46,52,1,1,0.0,28.27,0
synthetic_1677,48.16,6,1,1,25.71,2.33,0
synthetic_1678,116.44,58,3,1,8.07,63.02,0
synthetic_1679,93.81,75,1,2,4.8,58.82,0
synthetic_1680,96.12,42,0,1,0.0,57.8,0
synthetic_1681,105.19,55,1,1,4.96,16.11,0
synthetic_1682,81.75,45,0,1,0.0,53.34,0
synthetic_1683,48.41,16,1,1,37.97,4.01,1
synthetic_1684,63.69,11,1,2,3.89,5.39,1
synthetic_1685,52.86,30,4,2,39.1,2.86,1
synthetic_1686,86.85,43,2,2,3.1,49.01,0
synthetic_1687,93.34,57,1,1,0.35,20.25,0
synthetic_1688,126.89,36,0,2,2.38,31.37,0
synthetic_1689,30.68,19,7,2,5.67,16.02,0
synthetic_1690,85.56,47,2,1,5.16,60.84,0
synthetic_1691,60.85,43,1,2,0.0,49.64,1
synthetic_1692,78.8,11,4,2,29.4,6.49,0
synthetic_1693,108.14,53,3,2,0.96,17.77,0
synthetic_1694,111.72,50,1,1,2.46,24.41,0
synthetic_1695,97.16,57,1,2,8.15,65.71,0
synthetic_1696,43.24,15,2,2,28.45,4.75,1
synthetic_1697,109.62,25,0,2,6.19,37.96,0
synthetic_1698,117.26,40,3,2,5.91,43.27,0
synthetic_1699,114.69,23,3,1,3.21,53.69,0
synthetic_1700,126.4,53,1,1,3.85,19.47,0
synthetic_1701,91.61,56,1,2,0.0,30.27,0
synthetic_1702,63.43,15,2,1,7.01,8.94,1
synthetic_1703,108.27,51,0,1,4.38,44.8,0
synthetic_1704,110.61,57,1,1,0.64,62.12,0
synthetic_1705,126.4,26,0,2,6.07,55.07,0
synthetic_1706,60.42,8,6,2,14.73,9.66,1
synthetic_1707,37.18,22,1,2,27.68,18.23,1
synthetic_1708,107.4,41,1,1,2.18,44.09,0
synthetic_1709,42.95,12,7,1,20.72,3.67,1
synthetic_1710,67.3,58,1,2,6.03,50.15,0
synthetic_1711,54.45,24,3,2,15.89,8.06,1
synthetic_1712,83.95,43,2,2,2.43,19.41,0
synthetic_1713,99.23,33,2,1,3.44,52.93,0
synthetic_1714,58.25,17,2,1,20.75,4.3,1
synthetic_1715,104.43,58,2,2,4.92,46.91,0
synthetic_1716,35.3,22,5,2,26.5,8.25,1
synthetic_1717,113.7,26,1,1,6.12,0.0,0
synthetic_1718,40.54,46,1,2,3.59,41.31,0
synthetic_1719,98.8,22,0,1,0.0,39.83,0
synthetic_1720,58.48,16,5,1,17.66,6.85,0
synthetic_1721,83.36,18,4,2,11.85,0.0,0
synthetic_1722,109.64,30,0,2,0.0,29.79,0
synthetic_1723,128.7,55,0,2,4.54,2.0,0
synthetic_1724,98.38,52,2,2,7.9,8.08,0
synthetic_1725,63.76,10,1,2,14.52,6.41,1
synthetic_1726,44.83,13,5,1,16.87,5.32,1
synthetic_1727,94.94,53,2,2,7.33,11.07,0
synthetic_1728,53.92,21,3,2,25.11,3.07,1
synthetic_1729,68.02,23,6,2,22.45,11.28,0
synthetic_1730,72.76,42,0,2,5.95,42.42,0
synthetic_1731,56.7,11,4,2,16.9,15.52,1
synthetic_1732,95.23,48,4,2,3.5,38.4,0
synthetic_1733,7.77,17,4,2,36.82,1.34,1
synthetic_1734,83.67,28,1,1,2.31,39.16,0
synthetic_1735,105.1,46,2,1,0.66,56.38,0
synthetic_1736,110.61,44,1,2,1.3,75.2,0
synthetic_1737,5.24,10,0,2,5.17,13.08,1
synthetic_1738,69.25,42,3,2,6.41,79.42,0
synthetic_1739,114.09,50,2,1,4.98,50.82,0
synthetic_1740,13.14,5,5,1,26.75,15.92,1
synthetic_1741,45.88,18,5,1,23.97,10.61,0
synthetic_1742,52.87,26,5,2,18.2,5.27,1
synthetic_1743,127.38,39,3,2,1.26,35.17,0
synthetic_1744,109.76,47,0,2,6.11,40.04,0
synthetic_1745,109.18,46,1,2,0.44,23.8,0
synthetic_1746,140.04,40,0,1,4.8,68.89,0
synthetic_1747,48.31,40,4,2,0.0,70.63,0
synthetic_1748,85.71,46,2,1,2.18,35.42,0
synthetic_1749,38.35,3,2,2,21.47,4.83,1
synthetic_1750,88.25,48,0,1,2.64,65.51,0
synthetic_1751,48.37,7,2,1,35.36,5.47,1
synthetic_1752,94.21,59,3,1,1.94,7.38,0
synthetic_1753,97.63,63,3,2,1.17,53.59,0
synthetic_1754,39.71,29,8,1,9.23,11.44,0
synthetic_1755,84.55,64,2,1,7.61,43.73,0
synthetic_1756,65.04,23,4,2,15.02,1.54,0
synthetic_1757,100.42,53,0,1,7.09,22.88,0
synthetic_1758,79.51,60,1,2,2.28,0.0,0
synthetic_1759,114.06,62,0,1,3.7,26.87,0
synthetic_1760,32.06,27,2,1,11.44,6.81,0
synthetic_1761,55.46,9,3,2,32.23,7.83,1
synthetic_1762,33.9,26,3,1,16.76,0.0,1
synthetic_1763,52.72,20,2,1,27.9,8.3,0
synthetic_1764,45.57,9,3,2,19.93,6.57,0
synthetic_1765,38.92,18,5,2,41.21,2.26,1
synthetic_1766,120.32,23,0,2,4.2,44.74,0
synthetic_1767,34.84,27,4,1,43.32,5.61,1
synthetic_1768,12.08,12,7,1,38.53,9.77,1
synthetic_1769,109.55,44,1,1,2.26,43.67,0
synthetic_1770,67.63,46,1,1,3.5,11.9,0
synthetic_1771,122.39,52,1,1,7.57,5.52,0
synthetic_1772,91.65,44,1,2,0.37,14.68,0
synthetic_1773,93.19,49,0,1,0.0,36.91,0
synthetic_1774,95.48,50,0,1,2.04,39.19,0
synthetic_1775,117.89,35,2,2,5.83,38.54,0
synthetic_1776,79.9,44,1,2,4.25,16.72,0
synthetic_1777,10.32,16,2,1,18.18,8.9,0
synthetic_1778,75.65,18,3,2,17.17,1.26,0
synthetic_1779,54.13,61,3,1,2.9,42.57,1
synthetic_1780,57.01,23,6,1,21.22,5.19,1
synthetic_1781,118.74,49,1,1,2.98,3.95,0
synthetic_1782,81.23,16,6,2,14.12,2.06,0
synthetic_1783,37.97,13,1,2,27.33,6.01,0
synthetic_1784,39.62,4,3,2,21.52,24.54,1
synthetic_1785,143.21,44,0,2,9.18,15.36,0
synthetic_1786,58.18,29,3,1,28.99,11.96,0
synthetic_1787,102.96,50,0,1,5.12,31.05,0
synthetic_1788,86.24,58,2,2,6.51,63.43,0
synthetic_1789,37.06,16,3,1,15.31,1.5,1
synthetic_1790,93.77,50,1,1,3.3,14.4,0
synthetic_1791,8.06,9,7,1,0.0,16.26,1
synthetic_1792,39.43,6,5,1,26.21,0.02,1
synthetic_1793,123.14,70,1,2,0.5,44.33,0
synthetic_1794,106.86,33,1,1,6.92,24.5,0
synthetic_1795,45.41,9,2,2,33.54,3.04,1
synthetic_1796,105.85,48,1,1,0.34,43.7,0
synthetic_1797,49.54,31,6,1,32.34,17.61,1
synthetic_1798,102.12,53,1,2,2.82,57.86,0
synthetic_1799,90.86,69,0,1,6.76,39.92,0
synthetic_1800,80.97,36,1,1,2.21,41.61,0
synthetic_1801,88.3,38,1,1,4.28,57.2,0
synthetic_1802,62.34,7,4,1,37.41,20.46,1
synthetic_1803,111.84,56,3,1,6.36,16.87,0
synthetic_1804,70.3,55,1,2,2.1,46.51,0
synthetic_1805,90.65,38,1,1,1.84,71.14,0
synthetic_1806,14.83,11,4,1,25.3,0.0,0
synthetic_1807,40.17,13,7,1,24.51,12.62,0
synthetic_1808,44.84,19,3,1,18.95,4.07,1
synthetic_1809,35.75,20,5,1,39.55,11.57,0
synthetic_1810,65.73,21,2,1,15.77,19.78,0
synthetic_1811,54.45,10,5,1,38.66,0.0,1
synthetic_1812,121.88,32,1,1,3.19,53.6,0
synthetic_1813,60.95,18,3,1,18.19,13.04,0
synthetic_1814,54.02,37,1,1,0.97,46.09,0
synthetic_1815,111.21,40,2,1,1.68,67.45,0
synthetic_1816,84.26,45,2,1,4.37,53.95,0
synthetic_1817,59.83,57,2,1,0.52,6.64,0
synthetic_1818,91.83,51,1,1,3.08,52.92,0
synthetic_1819,119.61,46,0,2,6.66,15.05,0
synthetic_1820,69.73,48,1,1,2.34,44.36,0
synthetic_1821,141.72,52,2,1,0.81,25.05,0
synthetic_1822,78.24,25,0,2,7.17,48.05,0
synthetic_1823,96.74,58,2,1,3.74,26.61,0
synthetic_1824,70.62,35,0,2,3.48,19.07,0
synthetic_1825,45.85,25,6,2,24.87,9.54,0
synthetic_1826,92.33,49,1,2,3.74,42.31,0
synthetic_1827,65.21,44,0,1,4.21,56.43,0
synthetic_1828,151.52,51,1,1,0.0,29.39,0
synthetic_1829,85.09,47,4,1,1.48,9.72,1
synthetic_1830,85.11,42,0,1,9.59,53.52,0
synthetic_1831,114.38,63,0,2,0.88,68.94,0
synthetic_1832,131.29,53,4,1,4.21,28.44,0
synthetic_1833,67.65,21,0,1,27.18,8.94,0
synthetic_1834,56.67,17,3,1,27.05,4.82,1
synthetic_1835,58.07,15,4,2,20.55,11.63,1
synthetic_1836,55.41,29,5,2,27.65,13.77,1
synthetic_1837,62.37,13,3,2,28.88,11.88,0
synthetic_1838,62.3,46,1,1,3.07,0.0,1
synthetic_1839,78.94,42,2,2,5.01,71.46,0
synthetic_1840,30.28,16,2,2,14.19,18.05,1
synthetic_1841,103.9,40,2,2,4.35,65.97,0
synthetic_1842,52.76,18,12,1,45.68,9.87,1
synthetic_1843,125.38,59,1,1,3.71,38.43,0
synthetic_1844,67.34,26,3,1,10.1,6.71,0
synthetic_1845,107.89,57,1,1,5.01,21.31,0
synthetic_1846,27.55,24,1,2,15.85,12.7,0
synthetic_1847,128.99,40,2,1,0.64,37.23,0
synthetic_1848,28.04,19,1,2,29.31,17.17,1
synthetic_1849,129.75,43,3,1,3.21,9.56,0
synthetic_1850,51.44,16,7,2,37.04,0.0,1
synthetic_1851,105.25,32,1,2,1.97,0.86,0
synthetic_1852,115.64,53,2,2,1.89,33.24,0
synthetic_1853,33.34,52,2,2,5.49,8.39,1
synthetic_1854,91.1,48,0,2,0.2,58.01,0
synthetic_1855,117.04,40,3,1,0.51,64.64,0
synthetic_1856,38.05,21,3,1,37.68,9.97,1
synthetic_1857,47.65,20,8,2,0.0,0.88,1
synthetic_1858,35.26,19,6,2,18.62,17.75,1
synthetic_1859,78.04,24,3,1,31.48,6.25,0
synthetic_1860,103.26,51,0,1,4.66,38.9,0
synthetic_1861,57.33,46,0,2,3.78,49.65,1
synthetic_1862,117.61,66,2,1,2.67,47.96,0
synthetic_1863,118.65,33,3,1,3.73,0.0,0
synthetic_1864,85.51,37,1,2,0.0,53.24,0
synthetic_1865,105.43,47,1,2,0.0,47.71,0
synthetic_1866,90.66,48,1,2,4.89,24.36,0
synthetic_1867,51.35,32,6,2,10.54,12.51,1
synthetic_1868,72.05,52,2,2,4.76,41.23,0
synthetic_1869,107.45,48,2,2,6.31,43.6,0
synthetic_1870,71.21,11,4,2,24.14,7.64,1
synthetic_1871,33.02,29,6,2,26.91,3.22,1
synthetic_1872,92.56,35,1,1,7.54,43.69,0
synthetic_1873,90.78,40,0,2,4.18,57.16,0
synthetic_1874,100.45,29,1,1,4.47,37.78,0
synthetic_1875,82.01,50,0,2,4.67,0.0,0
synthetic_1876,43.88,14,3,1,20.72,3.31,1
synthetic_1877,80.38,14,6,2,29.02,9.41,1
synthetic_1878,99.66,19,2,1,5.76,23.0,0
synthetic_1879,98.94,48,2,1,0.0,12.98,0
synthetic_1880,115.06,43,1,1,8.65,49.88,0
synthetic_1881,106.52,32,0,2,2.72,18.28,0
synthetic_1882,67.53,4,6,1,19.23,0.37,1
synthetic_1883,109.72,56,1,2,3.57,16.84,0
synthetic_1884,36.15,20,3,1,25.1,18.81,0
synthetic_1885,67.5,21,0,1,1.51,15.48,0
synthetic_1886,25.13,20,2,1,45.23,12.51,1
synthetic_1887,52.84,27,4,1,9.41,7.01,1
synthetic_1888,106.6,43,2,2,4.06,26.41,0
synthetic_1889,49.11,35,5,1,33.5,6.68,1
synthetic_1890,29.49,38,1,2,22.2,22.26,1
synthetic_1891,70.09,52,1,1,1.54,47.12,0
synthetic_1892,94.79,51,2,1,5.5,29.41,0
synthetic_1893,17.12,16,5,2,13.2,7.37,1
synthetic_1894,59.02,20,4,2,14.0,11.1,0
synthetic_1895,67.36,15,3,2,29.89,0.0,1
synthetic_1896,101.97,32,1,1,2.4,45.2,0
synthetic_1897,37.46,14,5,1,11.32,0.0,1
synthetic_1898,25.77,11,2,2,14.4,16.83,0
synthetic_1899,42.0,12,5,1,20.45,0.0,1
synthetic_1900,99.55,38,0,1,0.0,29.41,0
synthetic_1901,24.78,22,0,1,18.92,0.0,0
synthetic_1902,81.55,55,0,2,2.92,48.18,0
synthetic_1903,54.33,14,5,2,17.19,7.93,0
synthetic_1904,61.1,47,1,2,4.93,36.94,0
synthetic_1905,62.67,15,2,2,15.03,19.93,0
synthetic_1906,60.42,24,4,2,35.92,15.5,0
synthetic_1907,36.74,10,3,1,43.75,0.0,1
synthetic_1908,107.05,58,1,1,6.03,10.55,0
synthetic_1909,94.76,45,1,1,6.6,40.05,0
synthetic_1910,53.77,19,3,1,12.6,10.33,1
synthetic_1911,51.83,10,2,2,16.1,5.78,0
synthetic_1912,86.2,40,2,2,2.19,0.0,0
synthetic_1913,68.57,35,4,2,7.03,33.49,0
synthetic_1914,47.92,12,3,1,29.73,0.0,1
synthetic_1915,40.91,26,3,1,16.35,4.6,0
synthetic_1916,92.64,47,1,2,4.83,60.95,0
synthetic_1917,156.29,63,0,2,0.71,49.84,0
synthetic_1918,68.08,42,1,2,6.48,54.76,0
synthetic_1919,92.5,41,0,1,0.62,57.03,0
synthetic_1920,66.53,62,0,2,4.97,49.75,0
synthetic_1921,34.23,16,1,2,26.54,3.47,1
synthetic_1922,88.06,47,1,2,4.2,14.61,0
synthetic_1923,49.17,15,3,2,12.03,13.1,0
synthetic_1924,49.05,29,7,1,24.24,22.57,1
synthetic_1925,28.77,15,4,1,23.84,0.77,1
synthetic_1926,41.5,31,5,2,0.0,15.6,0
synthetic_1927,66.98,39,1,2,2.85,72.65,0
synthetic_1928,63.53,26,0,1,6.96,0.0,0
synthetic_1929,29.59,5,1,2,23.28,7.41,1
synthetic_1930,96.48,31,0,2,0.44,38.44,0
synthetic_1931,106.18,48,0,1,0.0,37.54,0
synthetic_1932,90.31,51,2,2,0.0,51.57,0
synthetic_1933,89.96,14,0,2,2.58,48.64,0
synthetic_1934,60.58,24,0,2,4.76,48.63,0
synthetic_1935,54.59,7,4,1,10.91,9.28,0
synthetic_1936,81.08,61,0,2,7.01,51.72,0
synthetic_1937,109.94,68,1,1,6.83,24.26,0
synthetic_1938,64.24,22,0,2,30.54,1.65,0
synthetic_1939,73.92,14,2,2,25.85,15.45,0
synthetic_1940,56.39,12,9,1,4.0,1.12,1
synthetic_1941,94.67,53,2,2,4.63,59.57,0
synthetic_1942,65.18,8,5,2,32.34,11.79,1
synthetic_1943,66.46,19,9,1,43.56,0.0,1
synthetic_1944,83.72,45,2,2,6.3,70.73,0
synthetic_1945,106.27,35,2,2,3.57,66.86,0
synthetic_1946,28.17,19,3,1,0.47,2.52,0
synthetic_1947,88.07,62,3,2,5.17,47.33,1
synthetic_1948,60.59,19,3,1,31.44,0.0,1
synthetic_1949,104.13,23,0,2,1.07,32.57,0
synthetic_1950,79.65,41,0,2,4.83,16.82,0
synthetic_1951,71.3,23,3,1,14.18,6.83,1
synthetic_1952,98.02,23,0,1,4.32,10.16,0
synthetic_1953,57.22,48,0,2,0.0,28.09,0
synthetic_1954,96.62,51,2,2,3.47,74.24,0
synthetic_1955,105.29,67,1,2,6.04,48.33,0
synthetic_1956,107.74,29,1,1,1.06,47.66,1
synthetic_1957,12.02,8,6,2,24.65,0.62,1
synthetic_1958,55.46,57,2,2,2.16,8.77,0
synthetic_1959,120.54,51,3,1,3.04,48.29,0
synthetic_1960,103.22,33,0,1,4.62,49.98,0
synthetic_1961,85.36,13,3,2,17.48,13.03,0
synthetic_1962,79.24,46,1,1,6.74,32.15,0
synthetic_1963,93.96,17,0,1,16.04,7.99,0
synthetic_1964,108.6,38,1,1,0.7,51.36,0
synthetic_1965,45.45,20,4,2,21.0,13.84,1
synthetic_1966,111.51,40,1,2,9.68,56.26,0
synthetic_1967,59.14,22,1,1,7.3,36.79,0
synthetic_1968,74.15,42,1,2,0.0,45.86,0
synthetic_1969,53.71,51,1,2,7.5,86.15,0
synthetic_1970,70.62,20,4,1,18.93,10.09,1
synthetic_1971,125.16,49,2,2,5.84,42.79,0
synthetic_1972,136.16,63,0,2,1.43,40.6,0
synthetic_1973,37.76,20,2,2,14.53,6.41,1
synthetic_1974,43.98,14,0,1,16.29,12.73,0
synthetic_1975,43.8,6,5,1,22.89,10.02,1
synthetic_1976,104.47,21,4,1,5.76,55.15,0
synthetic_1977,63.74,44,1,2,2.51,26.17,0
synthetic_1978,83.55,60,0,2,2.2,25.24,0
synthetic_1979,84.5,0,4,1,8.73,2.48,0
synthetic_1980,74.09,53,1,1,4.02,13.48,0
synthetic_1981,40.3,23,2,1,30.43,22.41,0
synthetic_1982,95.26,33,1,1,3.47,18.08,0
synthetic_1983,79.12,23,3,2,23.5,18.02,0
synthetic_1984,82.5,31,0,2,2.96,35.63,0
synthetic_1985,96.54,31,3,2,5.33,64.47,0
synthetic_1986,45.51,25,3,1,23.54,0.0,1
synthetic_1987,134.23,39,0,2,8.56,29.12,0
synthetic_1988,92.48,47,0,1,4.67,36.73,0
synthetic_1989,78.48,15,8,1,5.18,2.57,0
synthetic_1990,53.68,10,3,1,16.44,7.11,1
synthetic_1991,84.02,50,2,2,1.21,19.06,0
synthetic_1992,46.03,25,10,2,25.09,8.81,1
synthetic_1993,38.44,25,2,1,17.9,10.39,1
synthetic_1994,116.52,35,3,1,6.03,38.79,0
synthetic_1995,102.22,56,0,1,6.0,19.59,0
synthetic_1996,79.36,7,6,1,37.67,7.66,1
synthetic_1997,40.21,17,3,2,20.34,15.64,0
synthetic_1998,93.83,24,2,1,1.83,71.13,0
synthetic_1999,119.66,18,3,2,8.1,67.23,0
synthetic_2000,70.32,27,2,1,8.18,21.57,0
synthetic_2001,72.33,17,3,1,36.34,7.37,1
synthetic_2002,87.25,31,2,2,5.38,47.03,0
synthetic_2003,81.05,54,0,1,6.85,22.27,1
synthetic_2004,56.49,16,6,2,29.13,7.79,1
synthetic_2005,103.87,42,0,1,2.48,33.08,0
synthetic_2006,103.66,44,2,2,2.64,58.33,0
synthetic_2007,51.28,12,2,1,31.06,8.36,0
synthetic_2008,46.17,9,3,2,30.44,12.47,1
synthetic_2009,100.25,50,3,2,1.83,3.41,0
synthetic_2010,54.04,22,4,1,18.75,10.04,0
synthetic_2011,39.12,12,2,1,15.58,11.42,1
synthetic_2012,40.15,10,4,2,31.97,7.87,1
synthetic_2013,79.15,26,5,1,25.03,10.68,1
synthetic_2014,99.21,19,7,2,25.92,9.62,0
synthetic_2015,106.39,43,1,1,1.67,27.55,0
synthetic_2016,19.81,16,2,2,7.88,2.47,0
synthetic_2017,25.86,20,4,2,30.82,20.86,0
synthetic_2018,87.91,35,1,2,7.75,56.53,0
synthetic_2019,62.92,12,5,1,17.5,4.39,1
synthetic_2020,95.01,49,0,2,3.1,37.47,0
synthetic_2021,48.44,8,2,1,22.8,12.27,0
synthetic_2022,55.58,19,8,1,21.33,17.25,1
synthetic_2023,31.16,21,7,2,8.09,5.66,0
synthetic_2024,89.79,32,1,2,4.52,37.85,0
synthetic_2025,44.6,21,2,2,19.97,5.01,1
synthetic_2026,99.7,42,1,1,2.05,41.64,0
synthetic_2027,21.77,27,6,1,29.17,4.37,1
synthetic_2028,94.09,34,1,1,5.19,39.18,0
synthetic_2029,110.73,65,1,2,1.4,18.34,0
synthetic_2030,49.91,26,5,1,18.46,7.63,0
synthetic_2031,65.9,69,0,2,3.78,43.25,0
synthetic_2032,8.21,19,1,1,30.04,2.25,1
synthetic_2033,15.33,21,4,2,38.13,10.02,1
synthetic_2034,58.26,8,7,2,17.4,1.19,0
synthetic_2035,74.56,52,2,1,2.55,39.96,0
synthetic_2036,100.67,65,2,1,2.24,67.9,0
synthetic_2037,8.53,15,4,1,19.35,2.79,1
synthetic_2038,52.35,43,2,2,4.82,16.83,1
synthetic_2039,87.33,35,1,1,4.27,56.72,0
synthetic_2040,65.98,17,2,1,14.09,6.35,0
synthetic_2041,85.97,37,2,1,4.59,31.12,0
synthetic_2042,91.69,67,1,1,6.41,60.76,0
synthetic_2043,115.86,43,1,1,0.03,15.01,0
synthetic_2044,110.91,69,2,1,4.46,4.96,0
synthetic_2045,53.54,11,6,1,20.92,10.35,1
synthetic_2046,40.86,21,1,1,15.03,4.18,1
synthetic_2047,129.67,68,0,1,4.76,57.35,0
synthetic_2048,26.77,14,6,2,12.76,7.03,1
synthetic_2049,60.61,10,4,1,28.24,12.06,1
synthetic_2050,79.35,48,0,2,1.87,20.58,0
synthetic_2051,69.83,15,2,1,17.96,6.14,0
synthetic_2052,95.14,45,2,1,3.61,2.3,0
synthetic_2053,89.49,47,3,1,1.17,36.6,0
synthetic_2054,76.9,29,3,2,32.32,19.17,1
synthetic_2055,116.5,39,2,2,2.51,59.42,0
synthetic_2056,93.25,28,2,1,5.35,49.93,0
synthetic_2057,90.19,49,1,2,0.0,28.84,0
synthetic_2058,29.04,9,3,2,19.88,9.06,1
synthetic_2059,43.3,12,5,2,25.26,15.12,0
synthetic_2060,88.2,43,0,2,4.51,41.21,0
synthetic_2061,75.53,0,3,1,23.39,2.07,0
synthetic_2062,120.2,58,3,2,3.27,35.1,0
synthetic_2063,48.53,27,2,1,11.13,5.96,0
synthetic_2064,41.0,19,3,2,15.96,5.8,1
synthetic_2065,52.2,47,1,1,6.2,52.74,0
synthetic_2066,92.04,44,2,2,0.0,43.35,0
synthetic_2067,79.84,47,2,2,0.0,55.9,0
synthetic_2068,37.1,18,2,1,28.19,9.58,1
synthetic_2069,81.58,49,2,1,2.29,54.11,0
synthetic_2070,94.59,55,2,1,0.0,8.62,0
synthetic_2071,16.96,4,4,2,12.84,0.0,0
synthetic_2072,29.99,13,1,2,15.13,5.55,0
synthetic_2073,119.45,27,1,2,5.11,19.23,0
synthetic_2074,40.87,18,7,2,18.61,14.65,1
synthetic_2075,95.01,62,1,1,2.75,71.17,0
synthetic_2076,114.09,48,1,2,6.79,28.5,0
synthetic_2077,56.37,7,11,1,26.74,4.09,1
synthetic_2078,41.77,14,3,2,34.47,12.93,1
synthetic_2079,35.37,9,6,2,23.12,18.09,1
synthetic_2080,48.62,9,5,2,12.89,2.0,1
synthetic_2081,35.08,13,3,2,39.41,8.91,1
synthetic_2082,103.5,57,2,1,5.83,9.39,1
synthetic_2083,63.44,25,6,2,6.54,0.53,1
synthetic_2084,84.43,54,5,1,3.66,45.25,0
synthetic_2085,38.72,9,4,1,6.1,4.6,0
synthetic_2086,25.68,19,4,1,21.15,2.94,1
synthetic_2087,15.6,20,6,1,17.25,5.46,1
synthetic_2088,93.74,49,0,2,2.58,75.24,0
synthetic_2089,96.7,47,1,2,4.51,20.99,0
synthetic_2090,49.06,15,5,2,18.75,7.99,0
synthetic_2091,91.34,47,1,1,2.07,61.71,0
synthetic_2092,98.53,53,1,2,0.61,44.49,0
synthetic_2093,43.93,23,2,2,14.33,10.84,1
synthetic_2094,65.55,37,1,1,9.56,14.09,0
synthetic_2095,57.13,17,7,1,27.41,0.34,0
synthetic_2096,5.0,16,8,2,14.09,17.54,1
synthetic_2097,96.31,48,0,1,7.75,54.13,0
synthetic_2098,24.93,11,3,1,23.01,3.31,1
synthetic_2099,16.57,21,3,1,35.31,10.4,1
synthetic_2100,61.2,31,4,2,0.88,51.11,0
synthetic_2101,53.22,13,5,2,20.51,2.91,1
synthetic_2102,112.32,36,1,2,3.85,27.85,0
synthetic_2103,91.13,43,2,1,2.79,0.28,1
synthetic_2104,103.01,65,1,1,2.94,7.66,0
synthetic_2105,109.9,28,0,1,6.83,10.94,0
synthetic_2106,78.72,42,1,2,7.71,1.3,0
synthetic_2107,80.86,30,1,1,1.17,12.79,0
synthetic_2108,65.52,22,5,2,35.78,6.49,0
synthetic_2109,14.78,15,3,2,33.31,4.64,1
synthetic_2110,71.68,47,2,2,2.19,45.89,0
synthetic_2111,91.04,44,1,1,11.6,70.17,0
synthetic_2112,43.08,19,2,1,16.56,9.02,0
synthetic_2113,103.36,49,1,2,2.03,47.46,0
synthetic_2114,42.07,18,7,1,35.12,12.85,1
synthetic_2115,84.08,54,3,2,6.12,29.78,0
synthetic_2116,18.27,23,6,2,19.01,2.45,1
synthetic_2117,54.97,11,2,1,13.29,15.54,1
synthetic_2118,46.78,33,2,1,6.13,3.66,0
synthetic_2119,32.12,21,3,2,33.81,1.25,1
synthetic_2120,62.09,8,3,2,16.23,14.33,1
synthetic_2121,5.0,17,5,1,41.07,4.45,1
synthetic_2122,51.93,21,6,2,36.05,8.59,1
synthetic_2123,77.39,14,4,2,21.97,0.27,0
synthetic_2124,73.8,6,4,2,1.05,5.8,0
synthetic_2125,52.8,9,5,1,18.6,7.31,0
synthetic_2126,38.97,20,4,2,44.86,5.64,1
synthetic_2127,32.28,4,5,2,26.28,4.92,1
synthetic_2128,38.94,6,7,1,20.33,8.25,1
synthetic_2129,55.88,20,4,2,15.89,13.94,1
synthetic_2130,28.86,14,3,2,30.87,2.35,1
synthetic_2131,96.87,47,2,1,6.72,2.8,0
synthetic_2132,120.05,53,0,2,6.94,67.46,0
synthetic_2133,125.79,64,1,1,1.57,58.29,0
synthetic_2134,105.09,43,1,1,6.08,66.35,0
synthetic_2135,137.83,40,0,1,8.12,46.89,0
synthetic_2136,60.53,12,2,2,6.13,0.03,1
synthetic_2137,62.35,63,2,1,4.61,11.31,0
synthetic_2138,116.06,53,1,2,3.84,67.37,0
synthetic_2139,58.23,22,1,2,0.0,100.83,0
synthetic_2140,79.9,22,3,1,2.76,34.73,0
synthetic_2141,41.83,19,3,2,42.53,0.0,1
synthetic_2142,92.95,48,1,2,7.42,21.57,0
synthetic_2143,91.18,45,2,1,3.21,41.33,0
synthetic_2144,21.06,9,2,2,6.89,2.96,0
synthetic_2145,94.78,43,0,1,2.15,0.0,0
synthetic_2146,43.07,19,2,1,16.47,3.72,0
synthetic_2147,95.4,54,0,2,6.14,62.19,0
synthetic_2148,78.4,46,4,2,5.51,22.38,0
synthetic_2149,23.96,21,4,1,17.49,0.0,1
synthetic_2150,78.81,25,0,1,0.0,56.96,0
synthetic_2151,67.02,21,2,2,30.43,0.0,0
synthetic_2152,101.87,47,3,2,3.62,54.87,0
synthetic_2153,78.99,52,1,1,6.33,45.72,0
synthetic_2154,50.78,24,1,1,0.0,86.7,0
synthetic_2155,103.4,42,2,2,5.23,37.44,0
synthetic_2156,77.86,16,1,2,13.63,9.33,0
synthetic_2157,52.08,24,10,2,32.71,5.23,1
synthetic_2158,57.88,18,4,2,14.52,0.0,1
synthetic_2159,59.39,13,1,1,42.13,0.76,1
synthetic_2160,21.94,4,6,2,31.5,1.69,1
synthetic_2161,25.73,0,4,2,25.4,0.0,1
synthetic_2162,23.32,31,2,1,49.15,10.59,1
synthetic_2163,18.36,18,4,1,34.76,11.03,1
synthetic_2164,102.18,55,1,2,7.32,22.57,0
synthetic_2165,50.8,18,6,1,11.76,15.83,1
synthetic_2166,72.55,49,0,1,2.53,73.78,0
synthetic_2167,5.0,14,5,2,20.97,13.08,1
synthetic_2168,86.11,9,6,1,14.42,12.66,1
synthetic_2169,125.55,60,2,2,5.78,95.4,0
synthetic_2170,86.04,1,6,1,24.35,0.0,1
synthetic_2171,16.02,5,6,2,30.88,9.19,1
synthetic_2172,63.97,39,2,2,0.29,45.34,0
synthetic_2173,5.0,9,3,2,22.77,4.08,1
synthetic_2174,52.24,20,3,2,28.03,8.96,1
synthetic_2175,97.63,52,1,1,2.18,62.47,0
synthetic_2176,23.54,16,6,1,30.59,2.28,1
synthetic_2177,59.84,25,1,1,2.89,42.25,0
synthetic_2178,60.55,17,9,1,25.05,4.94,1
synthetic_2179,93.6,67,1,1,4.01,37.39,0
synthetic_2180,59.87,52,1,1,4.13,59.49,0
synthetic_2181,76.51,52,1,1,6.16,59.56,0
synthetic_2182,69.45,42,1,1,0.0,31.42,0
synthetic_2183,19.21,1,7,1,12.45,21.24,1
synthetic_2184,99.15,53,1,1,4.4,57.57,0
synthetic_2185,34.62,16,5,2,33.82,1.22,1
synthetic_2186,110.54,54,0,2,4.4,57.54,0
synthetic_2187,96.58,53,4,1,4.34,20.62,0
synthetic_2188,64.82,4,7,2,28.5,11.29,1
synthetic_2189,87.86,54,1,1,8.12,57.59,0
synthetic_2190,64.97,12,5,1,42.32,14.58,1
synthetic_2191,83.71,55,1,2,0.08,77.75,0
synthetic_2192,76.93,67,0,2,1.73,72.6,0
synthetic_2193,30.83,19,3,2,30.05,0.0,1
synthetic_2194,90.78,63,2,2,5.99,36.07,0
synthetic_2195,60.61,34,3,2,5.17,46.42,0
synthetic_2196,51.15,9,5,2,20.02,2.63,0
synthetic_2197,56.89,37,2,2,5.12,64.29,0
synthetic_2198,39.76,26,3,1,18.45,8.11,1
synthetic_2199,67.97,65,0,1,2.31,22.6,0
synthetic_2200,71.1,14,3,1,11.45,12.23,0
synthetic_2201,107.09,59,2,1,5.97,49.9,0
synthetic_2202,141.08,65,2,2,4.85,39.28,0
synthetic_2203,40.72,20,3,2,22.04,12.29,0
synthetic_2204,47.92,24,7,1,9.19,2.06,1
synthetic_2205,80.52,54,1,2,1.1,54.94,0
synthetic_2206,77.6,35,0,2,8.44,47.42,0
synthetic_2207,74.04,19,6,2,13.9,13.12,0
synthetic_2208,18.73,12,8,2,5.39,6.09,1
synthetic_2209,22.44,15,7,2,33.99,14.96,1
synthetic_2210,139.99,55,3,2,4.64,16.21,0
synthetic_2211,103.32,51,0,1,4.29,65.17,0
synthetic_2212,74.8,43,1,2,0.03,75.07,0
synthetic_2213,87.67,48,1,1,5.26,12.68,0
synthetic_2214,78.96,66,2,2,6.94,50.93,0
synthetic_2215,39.71,15,1,2,30.01,21.08,1
synthetic_2216,39.27,19,3,2,19.34,17.2,1
synthetic_2217,68.18,64,4,2,3.37,39.67,0
synthetic_2218,83.17,42,1,2,0.6,90.39,0
synthetic_2219,54.82,20,7,1,17.98,9.75,0
synthetic_2220,70.72,20,3,2,6.63,10.25,0
synthetic_2221,122.61,47,1,2,8.87,47.99,0
synthetic_2222,42.16,12,4,2,12.06,1.13,1
synthetic_2223,48.4,15,2,2,36.11,0.0,1
synthetic_2224,110.89,50,0,1,6.13,59.48,0
synthetic_2225,15.6,27,2,1,23.99,6.08,1
synthetic_2226,58.11,46,2,2,0.0,59.71,0
synthetic_2227,44.59,16,4,1,11.35,9.51,0
synthetic_2228,23.83,9,4,1,38.06,0.0,1
synthetic_2229,93.69,41,2,1,6.72,23.64,0
synthetic_2230,42.27,12,2,2,32.13,3.44,1
synthetic_2231,99.96,31,1,1,0.0,0.85,0
synthetic_2232,78.49,21,4,1,7.69,9.18,0
synthetic_2233,111.64,49,0,2,0.69,6.65,0
synthetic_2234,98.9,32,1,2,7.51,54.37,0
synthetic_2235,86.16,52,3,2,0.0,39.19,0
synthetic_2236,64.07,17,6,1,0.0,3.35,0
synthetic_2237,35.98,14,3,1,21.29,3.56,1
synthetic_2238,34.71,17,5,1,28.04,10.22,1
synthetic_2239,147.36,41,0,2,2.5,51.45,0
synthetic_2240,5.0,0,6,2,21.02,7.37,1
synthetic_2241,70.74,9,4,1,19.89,6.38,1
synthetic_2242,32.17,18,2,1,30.71,0.95,1
synthetic_2243,28.97,0,1,2,9.06,4.53,0
synthetic_2244,21.4,10,2,1,19.63,4.63,1
synthetic_2245,40.91,3,4,2,36.35,5.71,1
synthetic_2246,80.27,14,5,1,7.17,0.0,1
synthetic_2247,115.68,38,0,2,0.0,48.04,0
synthetic_2248,11.78,14,4,2,10.97,13.47,1
synthetic_2249,37.91,15,6,1,25.01,10.62,1
synthetic_2250,92.71,42,1,1,1.8,66.93,0
synthetic_2251,112.89,56,0,2,4.08,48.68,0
synthetic_2252,50.73,14,3,1,22.24,8.6,1
synthetic_2253,80.64,44,1,2,3.39,45.72,0
synthetic_2254,93.93,27,1,2,5.94,64.88,0
synthetic_2255,60.17,49,0,2,0.0,43.48,1
synthetic_2256,111.55,48,1,2,5.96,29.61,0
synthetic_2257,75.74,55,1,2,5.18,29.81,0
synthetic_2258,58.4,22,1,1,31.27,10.15,0
synthetic_2259,5.0,14,3,2,33.95,8.06,1
synthetic_2260,95.79,30,2,2,4.12,55.79,0
synthetic_2261,88.13,42,2,1,5.35,74.01,0
synthetic_2262,93.65,63,2,2,0.0,31.83,0
synthetic_2263,8.06,19,4,1,10.98,13.38,1
synthetic_2264,86.06,29,2,1,9.22,14.59,0
synthetic_2265,20.97,20,4,1,14.94,18.26,1
synthetic_2266,116.63,26,0,2,7.91,59.33,0
synthetic_2267,52.91,29,0,1,5.42,26.38,0
synthetic_2268,90.89,53,1,1,4.79,42.81,0
synthetic_2269,85.62,28,4,2,1.9,68.06,0
synthetic_2270,103.38,49,2,1,2.98,38.73,0
synthetic_2271,65.91,45,3,1,1.06,57.25,0
synthetic_2272,85.0,39,3,1,6.83,36.88,0
synthetic_2273,92.95,48,1,1,1.77,34.09,0
synthetic_2274,116.4,34,1,2,9.29,0.0,0
synthetic_2275,37.38,18,1,2,31.25,3.04,1
synthetic_2276,71.33,37,0,2,5.18,29.28,0
synthetic_2277,15.97,27,4,1,30.35,8.47,0
synthetic_2278,112.72,39,1,2,6.0,44.99,0
synthetic_2279,70.98,53,1,1,3.34,43.96,0
synthetic_2280,79.29,11,4,1,20.64,7.2,0
synthetic_2281,40.4,14,4,2,11.93,14.63,0
synthetic_2282,41.57,14,4,2,28.3,8.06,1
synthetic_2283,148.92,24,1,2,4.03,16.6,0
synthetic_2284,18.47,23,1,1,23.55,3.31,1
synthetic_2285,40.58,16,4,1,26.09,5.9,1
synthetic_2286,79.67,41,1,2,5.54,40.43,0
synthetic_2287,105.55,51,1,2,10.39,50.05,0
synthetic_2288,61.97,16,2,2,13.52,12.0,0
synthetic_2289,56.08,19,5,2,38.46,6.13,1
synthetic_2290,93.91,35,0,1,8.97,36.06,0
synthetic_2291,77.09,45,1,1,1.67,68.74,0
synthetic_2292,72.11,26,1,1,5.32,72.28,0
synthetic_2293,28.37,11,5,2,18.56,8.99,1
synthetic_2294,47.9,14,4,2,19.32,20.99,1
synthetic_2295,41.14,11,3,1,47.74,9.84,1
synthetic_2296,130.31,41,2,1,0.0,60.55,0
synthetic_2297,12.39,21,6,2,7.62,9.78,0
synthetic_2298,73.22,18,4,1,34.26,12.73,1
synthetic_2299,127.82,39,1,2,3.88,63.52,0
synthetic_2300,92.17,39,3,1,4.14,54.73,0
synthetic_2301,91.73,33,1,1,3.12,36.64,0
synthetic_2302,70.44,45,3,2,0.74,26.08,0
synthetic_2303,62.3,48,2,1,0.94,89.57,0
synthetic_2304,64.88,7,2,2,16.39,1.98,1
synthetic_2305,49.17,20,6,1,40.99,8.35,1
synthetic_2306,101.11,48,1,2,7.68,35.77,0
synthetic_2307,39.23,14,4,2,37.66,23.83,1
synthetic_2308,95.41,41,0,2,4.29,15.66,0
synthetic_2309,58.26,48,1,2,9.9,55.22,1
synthetic_2310,104.2,42,1,1,6.38,32.51,0
synthetic_2311,31.13,27,6,2,18.86,0.99,1
synthetic_2312,74.7,5,3,2,37.2,9.83,1
synthetic_2313,38.68,22,5,1,23.79,6.42,0
synthetic_2314,45.41,0,4,2,27.33,6.53,1
synthetic_2315,60.17,26,3,2,20.56,6.05,0
synthetic_2316,45.48,2,7,2,26.72,6.89,1
synthetic_2317,103.69,55,1,2,9.16,36.22,0
synthetic_2318,95.54,37,3,2,8.74,12.59,0
synthetic_2319,69.8,47,1,1,6.1,47.44,0
synthetic_2320,31.74,24,7,2,19.96,14.4,1
synthetic_2321,42.48,13,1,1,32.3,13.01,1
synthetic_2322,45.21,13,3,2,9.38,0.0,1
synthetic_2323,62.29,10,2,1,28.84,3.59,0
synthetic_2324,43.0,22,1,1,32.65,18.81,0
synthetic_2325,115.26,45,1,1,6.81,70.66,0
synthetic_2326,41.87,10,3,1,32.76,10.95,1
synthetic_2327,40.25,20,7,1,14.93,4.98,1
synthetic_2328,98.91,31,3,1,1.87,42.33,0
synthetic_2329,119.14,40,0,1,4.76,81.04,0
synthetic_2330,105.6,32,0,2,5.21,34.63,0
synthetic_2331,34.39,12,5,2,14.07,10.07,0
synthetic_2332,85.75,51,0,2,1.38,18.94,0
synthetic_2333,44.34,27,2,1,35.79,9.3,1
synthetic_2334,35.31,15,5,1,39.38,10.36,1
synthetic_2335,93.97,21,4,1,5.16,57.86,0
synthetic_2336,118.36,40,3,2,0.06,46.05,0
synthetic_2337,70.11,19,6,2,35.99,16.04,0
synthetic_2338,95.61,48,1,2,5.35,19.99,1
synthetic_2339,35.1,19,2,2,35.58,7.7,1
synthetic_2340,81.27,18,6,2,17.85,0.95,1
synthetic_2341,49.82,3,3,1,16.86,6.59,0
synthetic_2342,80.51,38,2,2,8.2,16.51,0
synthetic_2343,59.37,26,4,2,29.14,0.0,0
synthetic_2344,131.98,57,0,1,3.1,41.72,0
synthetic_2345,33.57,8,5,1,14.84,4.17,1
synthetic_2346,106.49,42,1,1,3.07,71.74,0
synthetic_2347,102.62,67,2,1,7.17,77.49,0
synthetic_2348,21.79,26,4,1,13.51,5.16,1
synthetic_2349,45.25,13,5,1,28.68,8.34,1
synthetic_2350,22.71,27,5,1,33.95,12.74,0
synthetic_2351,80.01,61,2,1,5.59,43.16,0
synthetic_2352,33.74,15,5,2,51.11,12.74,1
synthetic_2353,106.34,45,1,1,9.56,28.33,0
synthetic_2354,38.56,14,4,1,38.95,7.35,1
synthetic_2355,66.42,56,2,2,8.25,58.56,1
synthetic_2356,103.57,52,1,2,0.0,9.96,0
synthetic_2357,89.62,56,1,2,4.83,28.11,0
synthetic_2358,105.61,50,1,1,1.57,32.93,0
synthetic_2359,67.63,6,2,1,20.76,7.48,0
synthetic_2360,82.83,36,1,1,6.28,32.17,0
synthetic_2361,40.95,19,3,1,12.21,7.2,0
synthetic_2362,85.04,30,1,2,1.91,60.55,0
synthetic_2363,86.34,49,0,1,3.33,29.88,0
synthetic_2364,84.35,29,2,2,15.28,42.01,1
synthetic_2365,117.62,44,1,2,4.61,10.12,0
synthetic_2366,42.55,36,7,1,17.14,16.66,1
synthetic_2367,42.62,20,2,2,10.51,6.18,0
synthetic_2368,59.87,17,1,1,32.56,10.07,1
synthetic_2369,80.23,34,1,1,6.76,33.44,0
synthetic_2370,36.58,45,4,2,6.13,44.42,0
synthetic_2371,5.0,10,4,2,25.13,5.64,1
synthetic_2372,56.27,28,2,2,6.37,3.99,1
synthetic_2373,96.44,21,1,1,29.77,7.65,0
synthetic_2374,57.45,11,3,1,32.1,4.8,1
synthetic_2375,21.91,7,1,2,24.77,8.64,1
synthetic_2376,120.94,47,1,1,1.27,53.97,0
synthetic_2377,98.2,57,1,1,0.0,87.26,0
synthetic_2378,69.66,30,4,2,36.0,8.9,1
synthetic_2379,104.88,39,2,2,3.32,24.1,0
synthetic_2380,88.82,37,0,1,0.0,0.0,0
synthetic_2381,27.84,16,3,2,15.13,0.84,1
synthetic_2382,34.07,18,8,2,0.0,0.0,0
synthetic_2383,74.72,7,2,2,32.96,3.92,0
synthetic_2384,47.07,19,1,1,21.97,11.23,1
synthetic_2385,89.77,29,3,2,4.42,40.06,0
synthetic_2386,98.5,62,1,1,3.9,92.03,0
synthetic_2387,7.57,10,5,1,26.39,5.57,1
synthetic_2388,87.32,41,0,1,3.92,78.29,0
synthetic_2389,47.24,4,1,1,32.18,8.99,0
synthetic_2390,78.87,42,2,1,0.0,69.21,0
synthetic_2391,90.18,55,1,2,6.63,28.78,0
synthetic_2392,76.41,10,3,2,15.91,18.28,0
synthetic_2393,30.65,30,3,2,28.96,0.0,1
synthetic_2394,67.88,26,0,2,2.54,33.52,0
synthetic_2395,83.05,41,1,2,1.14,59.52,0
synthetic_2396,64.82,4,5,2,3.05,7.79,0
synthetic_2397,86.95,9,7,2,31.5,10.13,1
synthetic_2398,9.76,27,8,2,28.28,8.41,1
synthetic_2399,86.41,56,0,1,1.79,38.36,0
synthetic_2400,66.76,39,1,2,4.53,29.38,0
synthetic_2401,104.67,54,1,2,3.52,76.24,0
synthetic_2402,91.77,44,1,2,1.89,50.35,0
synthetic_2403,81.92,59,2,2,1.23,45.68,0
synthetic_2404,89.81,69,1,1,3.88,34.42,0
synthetic_2405,56.01,15,1,1,33.57,6.22,1
synthetic_2406,74.9,54,0,2,9.17,19.87,0
synthetic_2407,83.97,27,2,1,24.32,0.0,1
synthetic_2408,43.76,15,8,1,26.33,12.58,1
synthetic_2409,96.52,38,3,1,3.73,32.75,0
synthetic_2410,108.4,38,0,1,3.13,57.65,0
synthetic_2411,103.04,43,2,1,6.7,6.49,0
synthetic_2412,17.56,13,1,2,31.8,5.13,1
synthetic_2413,88.03,43,2,2,5.68,22.59,0
synthetic_2414,111.63,55,1,1,5.65,40.53,0
synthetic_2415,34.94,13,4,2,23.55,8.08,1
synthetic_2416,50.6,22,11,2,34.42,17.89,1
synthetic_2417,71.29,53,0,2,3.26,52.76,0
synthetic_2418,42.57,11,8,2,11.6,17.29,0
synthetic_2419,87.84,32,1,2,14.38,29.03,0
synthetic_2420,65.31,16,1,2,21.81,4.98,1
synthetic_2421,49.79,15,3,2,15.76,14.23,0
synthetic_2422,111.62,44,1,2,3.49,48.95,0
synthetic_2423,48.29,21,5,2,7.89,0.0,1
synthetic_2424,89.89,55,4,2,0.96,0.0,0
synthetic_2425,111.75,66,1,1,4.68,49.66,0
synthetic_2426,12.61,2,4,1,27.33,4.02,1
synthetic_2427,83.54,45,0,1,4.85,28.93,0
synthetic_2428,80.84,58,3,2,4.47,45.25,0
synthetic_2429,103.2,46,1,2,3.27,58.41,0
synthetic_2430,93.35,24,2,1,3.78,22.47,0
synthetic_2431,67.49,50,1,1,8.75,68.04,0
synthetic_2432,111.94,33,1,1,5.73,62.93,0
synthetic_2433,28.12,13,2,1,21.58,2.65,1
synthetic_2434,126.84,24,0,2,5.27,15.54,0
synthetic_2435,66.94,59,3,2,4.12,83.1,0
synthetic_2436,91.39,35,2,2,5.66,45.69,0
synthetic_2437,81.0,49,3,2,2.18,42.97,0
synthetic_2438,52.09,8,2,2,21.8,0.78,1
synthetic_2439,85.26,47,0,1,4.56,51.05,0
synthetic_2440,130.41,49,2,2,12.48,58.54,0
synthetic_2441,45.18,14,8,2,37.31,0.64,1
synthetic_2442,52.66,12,1,1,26.45,5.73,0
synthetic_2443,58.43,36,0,2,4.72,60.7,0
synthetic_2444,60.57,35,1,2,5.1,23.69,0
synthetic_2445,84.27,44,1,2,6.8,19.9,1
synthetic_2446,76.12,9,5,1,26.74,10.94,1
synthetic_2447,41.22,24,7,2,27.55,7.4,1
synthetic_2448,49.56,58,2,1,0.0,47.6,0
synthetic_2449,93.17,49,2,1,2.17,51.4,0
synthetic_2450,115.55,35,1,1,3.43,30.6,0
synthetic_2451,127.46,19,1,2,2.0,42.43,0
synthetic_2452,57.11,36,1,1,0.0,30.29,0
synthetic_2453,78.97,29,3,2,6.65,55.34,0
synthetic_2454,77.92,36,1,1,0.68,49.81,0
synthetic_2455,97.91,48,0,1,1.98,54.35,0
synthetic_2456,70.6,46,3,1,6.26,34.32,0
synthetic_2457,38.07,6,3,2,22.56,11.84,1
synthetic_2458,79.23,14,7,2,38.28,13.17,1
synthetic_2459,92.54,68,5,2,0.89,54.98,0
synthetic_2460,126.85,54,2,1,1.56,53.26,0
synthetic_2461,94.68,58,0,2,7.34,37.54,0
synthetic_2462,57.49,5,5,2,1.06,0.88,0
synthetic_2463,79.98,32,1,2,5.01,50.03,0
synthetic_2464,35.99,18,6,2,9.62,13.5,1
synthetic_2465,82.79,45,0,1,0.04,18.0,0
synthetic_2466,138.74,37,2,1,5.4,56.93,0
synthetic_2467,107.66,33,2,1,6.36,43.12,0
synthetic_2468,100.49,50,2,2,4.5,37.42,0
synthetic_2469,58.7,0,4,1,23.57,17.86,0
synthetic_2470,51.47,35,8,1,45.54,12.69,1
synthetic_2471,67.85,32,0,1,7.51,71.17,0
synthetic_2472,63.66,42,4,1,0.0,38.93,0
synthetic_2473,83.82,33,1,1,3.95,35.39,0
synthetic_2474,59.55,11,5,1,21.74,6.41,1
synthetic_2475,21.58,18,3,2,6.16,4.34,0
synthetic_2476,55.24,2,3,1,28.92,8.59,0
synthetic_2477,86.49,15,2,1,34.91,14.03,1
synthetic_2478,74.71,24,4,1,37.55,1.81,1
synthetic_2479,96.56,38,0,2,10.97,71.07,0
synthetic_2480,98.24,53,0,2,7.26,0.0,0
synthetic_2481,53.43,15,6,1,24.63,14.13,0
synthetic_2482,43.59,14,2,2,39.86,10.39,1
synthetic_2483,17.01,12,4,1,19.76,16.85,0
synthetic_2484,106.12,66,2,2,2.6,52.11,0
synthetic_2485,44.8,20,7,1,44.09,0.66,0
synthetic_2486,105.74,63,1,2,4.25,30.15,0
synthetic_2487,84.86,42,3,1,0.0,47.17,0
synthetic_2488,68.36,10,6,2,25.19,12.06,1
synthetic_2489,102.57,54,3,1,5.91,48.89,0
synthetic_2490,96.38,21,3,2,3.2,46.58,0
synthetic_2491,59.43,17,3,2,30.78,7.02,1
synthetic_2492,66.67,26,4,1,20.38,0.0,0
synthetic_2493,73.7,24,4,1,0.94,47.04,0
synthetic_2494,89.6,56,0,2,4.13,17.26,0
synthetic_2495,66.13,70,2,2,2.44,32.7,0
synthetic_2496,86.86,42,0,2,3.03,67.84,0
synthetic_2497,61.74,15,6,1,31.07,0.0,1
synthetic_2498,121.19,63,2,2,5.88,37.51,0
synthetic_2499,97.85,47,2,1,1.85,57.36,0
synthetic_2500,22.4,16,7,1,30.85,13.95,1
synthetic_2501,101.03,42,2,2,1.73,46.11,0
synthetic_2502,84.29,51,0,1,2.55,26.45,0
synthetic_2503,97.67,55,0,1,8.62,66.22,0
synthetic_2504,24.95,22,5,2,36.07,20.93,1
synthetic_2505,38.7,17,1,1,24.76,2.53,1
synthetic_2506,92.35,44,1,1,4.83,43.06,0
synthetic_2507,62.05,26,0,1,4.55,24.27,1
synthetic_2508,60.64,56,1,2,7.06,32.22,0
synthetic_2509,88.47,30,1,2,4.3,76.22,0
synthetic_2510,48.24,52,3,1,0.0,16.76,0
synthetic_2511,43.09,9,5,1,12.23,0.0,1
synthetic_2512,44.28,23,1,1,4.35,11.94,0
synthetic_2513,57.82,21,2,1,44.46,15.32,1
synthetic_2514,5.0,17,3,1,22.38,4.69,1
synthetic_2515,115.56,44,1,2,9.58,40.51,0
synthetic_2516,44.02,11,4,1,13.99,13.05,0
synthetic_2517,74.72,1,6,2,32.5,3.16,1
synthetic_2518,79.68,36,2,1,7.26,57.12,0
synthetic_2519,22.33,11,4,2,13.37,7.08,1
synthetic_2520,69.84,10,4,1,18.96,8.65,1
synthetic_2521,118.85,34,2,1,0.0,2.56,1
synthetic_2522,26.91,22,1,1,18.13,11.39,1
synthetic_2523,95.02,35,3,2,0.0,37.32,0
synthetic_2524,115.41,53,0,1,8.31,62.67,0
synthetic_2525,75.77,11,4,2,17.78,8.02,0
synthetic_2526,58.58,14,1,1,2.86,44.09,0
synthetic_2527,81.58,50,1,1,2.99,43.32,1
synthetic_2528,78.87,42,4,1,4.52,19.15,0
synthetic_2529,82.36,62,2,2,1.4,25.28,0
synthetic_2530,75.81,50,0,1,7.4,39.5,0
synthetic_2531,85.78,54,1,2,4.49,32.69,0
synthetic_2532,107.4,36,1,2,3.95,56.41,0
synthetic_2533,48.35,24,4,1,22.84,9.1,1
synthetic_2534,60.49,45,1,1,5.65,57.74,0
synthetic_2535,69.25,41,3,1,8.19,32.76,0
synthetic_2536,79.17,61,0,2,12.08,40.48,0
synthetic_2537,79.43,11,6,1,24.94,7.74,1
synthetic_2538,77.44,10,4,1,15.28,17.94,0
synthetic_2539,80.52,35,2,2,0.0,31.48,0
synthetic_2540,109.33,57,2,1,6.04,38.62,0
synthetic_2541,74.26,15,5,2,16.72,10.81,0
synthetic_2542,61.01,17,5,1,34.3,6.95,1
synthetic_2543,51.31,11,5,1,30.16,11.22,1
synthetic_2544,100.41,34,1,2,2.76,25.56,0
synthetic_2545,51.63,11,3,1,11.87,0.5,1
synthetic_2546,90.18,35,1,2,7.95,51.67,0
synthetic_2547,31.71,29,3,1,7.36,19.96,0
synthetic_2548,47.58,15,3,1,20.03,15.0,1
synthetic_2549,50.31,9,4,1,17.9,6.21,1
synthetic_2550,115.71,57,0,2,1.44,52.72,0
synthetic_2551,121.73,47,1,2,7.18,38.31,0
synthetic_2552,104.18,50,1,1,4.37,7.68,0
synthetic_2553,84.87,50,2,1,8.58,34.86,0
synthetic_2554,39.48,5,2,2,31.58,9.35,1
synthetic_2555,104.31,49,0,1,4.68,28.08,0
synthetic_2556,46.56,9,5,1,44.0,7.19,1
synthetic_2557,20.29,16,4,1,24.96,0.0,1
synthetic_2558,108.95,54,1,2,2.3,37.14,0
synthetic_2559,47.92,28,3,1,31.76,14.02,0
synthetic_2560,93.02,24,5,2,6.04,47.49,0
synthetic_2561,89.82,45,1,2,4.16,28.46,0
synthetic_2562,100.88,34,3,2,1.51,31.72,0
synthetic_2563,105.42,60,1,2,2.49,79.89,0
synthetic_2564,118.09,59,2,1,0.49,69.83,0
synthetic_2565,24.93,18,6,2,29.4,0.0,1
synthetic_2566,10.22,25,5,2,32.56,6.49,1
synthetic_2567,27.55,22,4,1,16.22,0.65,0
synthetic_2568,68.54,56,0,2,0.0,83.13,0
synthetic_2569,128.22,25,0,2,11.57,60.49,0
synthetic_2570,34.11,15,5,1,27.55,9.98,1
synthetic_2571,114.35,45,2,1,6.14,29.13,0
synthetic_2572,100.53,15,0,2,4.01,27.82,0
synthetic_2573,101.07,47,0,1,0.21,21.57,0
synthetic_2574,92.65,52,2,1,5.05,0.0,0
synthetic_2575,79.24,60,0,2,3.45,22.51,0
synthetic_2576,75.63,38,0,1,2.09,46.39,0
synthetic_2577,129.57,47,0,1,7.96,44.97,0
synthetic_2578,43.63,22,8,1,1.71,8.37,0
synthetic_2579,117.51,31,0,1,6.16,53.09,1
synthetic_2580,29.64,12,3,2,11.63,4.96,1
synthetic_2581,86.78,48,3,1,5.06,55.35,0
synthetic_2582,65.21,6,6,2,0.0,13.57,1
synthetic_2583,36.6,28,3,2,32.13,11.18,1
synthetic_2584,23.11,18,3,2,20.4,14.27,1
synthetic_2585,44.14,1,2,1,1.53,14.13,0
synthetic_2586,47.36,27,6,1,38.77,20.06,1
synthetic_2587,5.55,23,2,2,35.5,0.0,1
synthetic_2588,88.5,38,1,2,5.72,55.14,0
synthetic_2589,62.36,9,4,1,22.93,6.27,0
synthetic_2590,137.23,47,0,1,3.33,37.3,0
synthetic_2591,58.32,34,2,1,8.56,44.36,0
synthetic_2592,105.03,55,1,1,5.09,18.62,0
synthetic_2593,73.98,7,3,2,16.58,9.7,1
synthetic_2594,101.0,18,6,1,13.42,7.89,0
synthetic_2595,89.44,48,2,2,2.0,34.53,0
synthetic_2596,48.26,9,3,1,23.95,9.57,1
synthetic_2597,64.47,23,2,2,31.26,10.34,1
synthetic_2598,98.72,38,2,1,4.66,34.44,0
synthetic_2599,116.85,44,1,1,5.94,22.22,0
synthetic_2600,32.05,16,6,2,10.48,13.9,1
synthetic_2601,111.33,47,2,2,0.0,40.12,0
synthetic_2602,84.08,56,3,2,6.1,21.52,0
synthetic_2603,104.89,33,4,2,8.04,48.58,0
synthetic_2604,53.27,12,4,1,30.58,13.9,0
synthetic_2605,42.25,12,8,2,21.42,18.27,1
synthetic_2606,63.61,22,2,2,3.98,11.65,1
synthetic_2607,15.89,23,2,2,32.09,11.85,1
synthetic_2608,96.4,32,0,2,6.37,52.41,0
synthetic_2609,27.34,9,1,1,24.81,6.89,1
synthetic_2610,71.36,40,1,2,3.78,17.48,0
synthetic_2611,115.92,52,0,2,5.94,35.93,0
synthetic_2612,98.04,48,1,1,1.15,45.88,0
synthetic_2613,121.99,29,1,1,6.32,48.56,0
synthetic_2614,66.44,15,5,2,24.49,17.03,1
synthetic_2615,73.67,45,3,2,8.54,53.03,0
synthetic_2616,49.19,15,3,1,9.11,3.43,0
synthetic_2617,108.4,74,2,2,8.61,49.83,0
synthetic_2618,84.05,53,0,1,5.39,53.68,0
synthetic_2619,66.16,33,0,1,2.73,40.4,0
synthetic_2620,97.01,44,1,1,1.84,62.92,0
synthetic_2621,74.98,47,2,1,1.66,38.46,0
synthetic_2622,39.19,22,5,1,28.13,0.0,1
synthetic_2623,86.86,51,2,1,1.94,64.91,0
synthetic_2624,129.49,18,1,2,4.97,49.36,0
synthetic_2625,76.43,32,2,1,23.69,8.64,0
synthetic_2626,97.7,39,0,1,2.13,42.28,0
synthetic_2627,73.22,11,3,1,15.73,4.2,0
synthetic_2628,21.57,22,5,2,20.69,5.53,1
synthetic_2629,22.18,21,5,2,15.44,11.8,0
synthetic_2630,40.31,29,7,1,31.45,17.67,1
synthetic_2631,81.32,55,1,1,1.35,32.74,0
synthetic_2632,99.89,47,1,1,0.39,13.81,0
synthetic_2633,69.09,26,3,1,3.47,41.83,1
synthetic_2634,92.78,61,2,1,0.58,66.28,0
synthetic_2635,66.08,14,5,2,4.09,11.83,1
synthetic_2636,90.7,39,0,2,1.9,47.33,0
synthetic_2637,44.21,6,6,1,32.56,8.02,1
synthetic_2638,115.6,40,1,1,5.36,4.54,0
synthetic_2639,78.76,17,6,2,24.92,0.0,1
synthetic_2640,74.18,47,3,2,1.47,51.08,0
synthetic_2641,69.12,38,1,1,2.11,47.12,0
synthetic_2642,75.96,53,0,2,6.35,5.92,0
synthetic_2643,105.91,51,2,2,9.49,24.81,0
synthetic_2644,39.83,17,0,1,22.3,11.05,1
synthetic_2645,110.8,42,0,2,7.82,13.65,0
synthetic_2646,88.48,35,2,1,0.28,56.87,0
synthetic_2647,76.51,27,1,1,1.37,33.4,0
synthetic_2648,113.38,71,1,1,8.16,56.38,0
synthetic_2649,83.93,53,1,1,8.58,55.29,0
synthetic_2650,98.73,37,1,1,6.39,17.53,0
synthetic_2651,41.68,5,6,1,21.94,8.38,1
synthetic_2652,83.6,61,0,2,2.71,8.27,0
synthetic_2653,115.19,29,0,1,9.15,45.49,0
synthetic_2654,80.67,36,0,1,1.81,48.47,0
synthetic_2655,111.29,43,2,1,0.0,35.45,0
synthetic_2656,70.23,16,3,2,18.93,6.38,1
synthetic_2657,83.81,44,2,2,2.25,10.25,1
synthetic_2658,68.4,20,3,2,26.55,6.36,1
synthetic_2659,24.78,20,3,2,15.25,11.25,1
synthetic_2660,71.62,49,2,1,0.0,34.42,0
synthetic_2661,20.15,22,6,1,28.02,5.36,1
synthetic_2662,30.9,26,4,2,15.91,14.04,1
synthetic_2663,70.04,19,4,2,7.93,6.43,1
synthetic_2664,87.53,37,0,1,5.37,36.13,0
synthetic_2665,97.83,55,2,1,7.22,33.32,0
synthetic_2666,65.37,31,2,1,0.75,55.92,0
synthetic_2667,43.48,28,6,1,25.3,7.07,0
synthetic_2668,120.52,45,1,2,2.91,63.97,0
synthetic_2669,105.45,59,1,1,5.84,42.24,0
synthetic_2670,91.86,38,1,2,4.21,55.87,0
synthetic_2671,54.79,13,4,1,15.85,11.33,0
synthetic_2672,6.02,13,5,2,27.56,0.0,1
synthetic_2673,110.45,50,1,1,0.85,42.91,0
synthetic_2674,83.87,40,1,2,5.39,62.97,0
synthetic_2675,125.69,35,1,1,4.52,23.87,0
synthetic_2676,121.33,36,1,1,7.81,29.04,0
synthetic_2677,108.55,51,0,1,1.22,64.03,0
synthetic_2678,78.14,32,2,2,2.01,70.56,0
synthetic_2679,50.7,12,3,2,29.46,0.0,1
synthetic_2680,88.47,56,1,1,8.24,63.97,0
synthetic_2681,96.22,43,2,2,3.4,0.0,1
synthetic_2682,52.66,30,3,2,25.24,8.18,1
synthetic_2683,104.89,41,1,2,4.11,12.28,0
synthetic_2684,60.73,17,3,1,35.14,8.0,1
synthetic_2685,106.53,47,0,1,7.46,42.1,0
synthetic_2686,32.79,18,3,2,7.77,12.7,1
synthetic_2687,79.11,61,1,2,2.67,68.59,0
synthetic_2688,40.29,27,3,1,19.61,6.2,1
synthetic_2689,91.93,37,0,1,3.08,63.12,0
synthetic_2690,103.86,33,2,2,1.92,34.44,0
synthetic_2691,70.32,10,2,1,28.51,8.37,0
synthetic_2692,116.84,62,0,2,4.18,74.01,0
synthetic_2693,72.36,59,0,1,4.86,56.85,0
synthetic_2694,99.43,45,1,2,1.04,6.35,1
synthetic_2695,49.46,16,4,1,10.57,3.33,0
synthetic_2696,93.03,54,1,1,2.89,25.05,0
synthetic_2697,18.11,11,2,1,38.16,5.66,1
synthetic_2698,42.09,18,2,2,20.02,3.95,1
synthetic_2699,122.97,46,0,2,6.7,49.26,0
synthetic_2700,103.51,36,3,1,8.09,14.89,0
synthetic_2701,92.8,37,0,2,3.06,35.56,0
synthetic_2702,5.0,14,3,2,22.24,0.0,1
synthetic_2703,60.3,26,2,1,3.76,47.68,0
synthetic_2704,121.79,47,2,2,4.25,38.94,0
synthetic_2705,88.56,45,4,2,6.08,58.76,0
synthetic_2706,105.12,54,2,2,2.81,45.17,0
synthetic_2707,56.65,13,5,1,25.76,2.66,1
synthetic_2708,46.63,6,3,2,29.01,7.2,1
synthetic_2709,76.53,62,4,1,0.12,17.01,0
synthetic_2710,125.94,36,1,2,6.7,32.51,0
synthetic_2711,33.2,15,7,1,25.15,12.64,1
synthetic_2712,42.19,12,6,1,19.86,10.28,1
synthetic_2713,23.21,14,4,1,16.1,7.3,0
synthetic_2714,116.72,64,0,1,0.0,38.36,0
synthetic_2715,52.85,21,6,1,13.02,16.62,0
synthetic_2716,65.68,21,2,1,7.48,8.41,0
synthetic_2717,127.69,49,1,1,4.36,32.2,0
synthetic_2718,55.19,12,3,1,25.83,8.13,1
synthetic_2719,91.95,60,1,1,9.2,56.18,0
synthetic_2720,71.17,62,1,2,6.46,84.58,0
synthetic_2721,116.08,56,1,2,6.12,29.34,0
synthetic_2722,51.78,28,3,1,22.93,0.18,0
synthetic_2723,37.84,19,3,2,23.3,21.88,0
synthetic_2724,35.92,18,5,2,19.49,12.33,0
synthetic_2725,157.52,35,0,2,4.02,37.37,0
synthetic_2726,95.33,63,1,1,6.29,49.35,0
synthetic_2727,41.38,18,4,1,6.5,7.89,0
synthetic_2728,38.57,9,3,1,37.16,4.13,1
synthetic_2729,130.44,49,0,1,4.09,34.07,0
synthetic_2730,59.96,21,6,2,27.48,16.99,1
synthetic_2731,59.03,26,5,2,28.79,14.25,1
synthetic_2732,99.96,20,0,2,1.34,75.21,0
synthetic_2733,40.19,18,1,2,31.75,8.79,0
synthetic_2734,33.66,7,6,2,23.19,4.27,1
synthetic_2735,98.25,58,0,1,0.0,15.71,0
synthetic_2736,33.14,9,2,1,1.58,12.82,0
synthetic_2737,122.65,50,1,2,9.79,34.75,0
synthetic_2738,101.38,29,1,2,3.78,42.54,0
synthetic_2739,82.49,51,2,2,4.14,41.45,0
synthetic_2740,25.69,21,3,2,35.0,10.96,1
synthetic_2741,61.47,70,1,1,4.64,65.44,0
synthetic_2742,61.39,20,0,2,18.85,9.27,1
synthetic_2743,111.63,11,2,2,3.5,58.15,0
synthetic_2744,28.26,15,4,1,5.98,12.61,0
synthetic_2745,89.77,34,2,1,0.0,10.59,1
synthetic_2746,53.46,15,6,2,19.33,0.0,1
synthetic_2747,72.5,15,2,1,18.58,1.77,0
synthetic_2748,105.69,37,2,2,8.8,52.94,0
synthetic_2749,40.69,14,4,1,29.64,3.62,1
synthetic_2750,66.43,1,8,1,31.69,9.59,1
synthetic_2751,101.04,55,0,2,9.81,6.26,0
synthetic_2752,99.81,59,1,2,0.0,29.84,0
synthetic_2753,93.88,15,3,1,25.92,10.95,0
synthetic_2754,114.12,45,4,1,0.0,32.91,0
synthetic_2755,46.09,31,4,2,3.59,44.27,0
synthetic_2756,83.27,46,0,1,0.0,43.71,0
synthetic_2757,95.46,48,1,1,2.31,58.62,0
synthetic_2758,79.2,42,0,2,0.0,16.78,1
synthetic_2759,85.96,50,3,1,7.26,41.76,0
synthetic_2760,131.79,49,1,2,5.26,68.77,0
synthetic_2761,117.08,32,0,2,0.2,24.2,0
synthetic_2762,41.56,10,5,2,15.57,5.12,0
synthetic_2763,55.3,9,3,1,21.68,8.81,1
synthetic_2764,21.33,10,6,1,17.67,4.26,1
synthetic_2765,109.1,50,1,2,7.23,16.71,0
synthetic_2766,84.85,15,5,1,29.22,8.31,0
synthetic_2767,55.67,59,1,2,2.5,35.12,0
synthetic_2768,97.02,48,0,2,2.26,55.03,0
synthetic_2769,103.78,36,4,2,4.91,22.07,0
synthetic_2770,55.96,13,2,2,26.89,7.78,0
synthetic_2771,93.53,51,2,2,3.57,64.69,0
synthetic_2772,87.55,47,5,2,2.88,63.5,0
synthetic_2773,14.63,24,6,1,34.01,1.87,0
synthetic_2774,95.13,55,1,2,8.48,43.78,0
synthetic_2775,37.02,19,3,1,26.15,4.56,1
synthetic_2776,84.21,55,1,1,4.25,45.78,0
synthetic_2777,108.8,33,1,2,1.75,70.61,0
synthetic_2778,61.39,13,0,1,23.96,9.22,0
synthetic_2779,23.27,15,6,2,13.32,8.68,1
synthetic_2780,74.87,24,3,2,14.55,6.74,0
synthetic_2781,81.41,26,3,1,17.55,3.53,0
synthetic_2782,120.01,44,1,1,9.21,21.41,0
synthetic_2783,53.78,15,4,2,21.71,9.11,0
synthetic_2784,20.36,22,10,2,1.34,2.39,1
synthetic_2785,125.35,42,1,1,4.73,54.44,0
synthetic_2786,94.45,54,1,2,3.6,38.41,0
synthetic_2787,114.88,40,1,2,7.77,48.8,0
synthetic_2788,105.62,23,0,2,0.94,0.0,0
synthetic_2789,35.69,16,6,2,26.16,4.26,1
synthetic_2790,110.01,50,0,1,3.53,27.6,0
synthetic_2791,63.99,22,6,1,13.17,4.82,0
synthetic_2792,82.25,50,1,1,2.67,49.08,0
synthetic_2793,75.82,59,1,1,2.38,68.94,0
synthetic_2794,74.64,50,2,2,2.86,39.73,0
synthetic_2795,114.89,36,0,1,3.13,57.6,0
synthetic_2796,117.59,52,1,1,4.24,31.65,0
synthetic_2797,44.98,5,5,2,18.81,6.55,1
synthetic_2798,52.28,38,3,2,0.0,8.48,0
synthetic_2799,81.5,51,3,2,6.3,37.98,0
synthetic_2800,105.96,46,2,2,2.58,55.03,0
synthetic_2801,93.67,38,1,1,3.46,39.38,0
synthetic_2802,68.81,17,4,2,7.28,11.38,1
synthetic_2803,84.53,62,0,2,4.14,0.0,1
synthetic_2804,48.69,16,4,1,24.25,0.0,0
synthetic_2805,29.36,4,4,2,29.28,9.45,1
synthetic_2806,25.17,25,6,2,17.03,17.95,1
synthetic_2807,98.18,28,2,1,5.91,8.34,0
synthetic_2808,36.25,8,2,1,26.31,13.82,0
synthetic_2809,49.99,0,2,1,23.28,3.95,1
synthetic_2810,6.76,23,7,1,41.77,7.59,1
synthetic_2811,102.46,18,0,1,5.9,61.97,0
synthetic_2812,110.83,45,1,1,4.26,42.23,0
synthetic_2813,67.44,22,6,1,37.36,12.74,0
synthetic_2814,33.3,22,3,1,27.1,1.19,1
synthetic_2815,75.69,40,1,2,4.45,63.78,0
synthetic_2816,54.2,14,5,2,3.45,0.24,0
synthetic_2817,86.3,52,0,2,0.41,55.95,0
synthetic_2818,67.2,19,3,2,19.02,6.88,0
synthetic_2819,92.56,38,2,2,3.68,34.76,0
synthetic_2820,81.63,15,5,1,23.66,3.92,1
synthetic_2821,72.41,61,0,1,8.74,17.42,0
synthetic_2822,63.36,19,5,1,2.01,8.01,1
synthetic_2823,32.61,58,0,2,4.12,57.0,1
synthetic_2824,92.36,46,0,1,4.2,55.3,0
synthetic_2825,141.4,63,0,1,0.99,38.0,0
synthetic_2826,130.94,24,2,1,2.86,54.2,0
synthetic_2827,58.52,10,3,1,14.59,0.9,1
synthetic_2828,98.0,71,4,2,4.29,4.08,0
synthetic_2829,65.71,50,2,2,8.14,44.99,0
synthetic_2830,33.12,14,5,2,27.94,10.51,1
synthetic_2831,71.05,45,1,2,2.24,48.65,0
synthetic_2832,90.49,42,0,2,3.93,43.73,0
synthetic_2833,91.35,38,0,2,8.2,55.4,0
synthetic_2834,100.05,44,1,2,0.0,8.34,0
synthetic_2835,108.26,52,0,1,3.32,66.28,0
synthetic_2836,88.26,50,0,1,0.08,29.53,0
synthetic_2837,51.6,20,3,1,2.13,2.04,0
synthetic_2838,38.86,32,3,2,21.56,7.44,0
synthetic_2839,58.21,9,1,2,26.82,14.25,1
synthetic_2840,65.02,65,1,2,3.89,39.64,0
synthetic_2841,37.62,3,1,1,29.46,5.61,0
synthetic_2842,58.92,17,4,2,20.75,0.0,1
synthetic_2843,42.12,12,3,2,31.17,16.01,1
synthetic_2844,29.03,13,0,1,19.66,15.45,1
synthetic_2845,70.02,28,3,1,3.79,5.26,0
synthetic_2846,43.72,10,5,2,10.45,5.42,1
synthetic_2847,54.78,7,5,2,18.88,6.16,0
synthetic_2848,108.63,52,0,1,0.0,84.34,0
synthetic_2849,20.82,17,5,1,32.64,11.22,1
synthetic_2850,79.7,24,5,1,19.21,5.43,0
synthetic_2851,75.93,18,2,1,6.4,21.21,0
synthetic_2852,106.07,56,1,1,2.55,64.49,0
synthetic_2853,37.24,6,6,2,6.76,4.39,0
synthetic_2854,102.22,21,1,2,4.1,34.15,0
synthetic_2855,68.41,32,1,2,7.22,21.79,0
synthetic_2856,106.08,38,3,1,5.7,32.61,0
synthetic_2857,32.35,10,3,1,18.97,12.97,1
synthetic_2858,101.99,44,2,1,7.0,39.51,0
synthetic_2859,113.4,33,4,2,16.56,40.54,0
synthetic_2860,80.37,11,5,1,21.09,13.73,0
synthetic_2861,101.97,29,1,2,3.64,27.12,0
synthetic_2862,55.36,16,2,1,38.1,5.59,0
synthetic_2863,86.42,12,7,2,18.34,7.55,0
synthetic_2864,45.6,12,5,1,20.98,3.16,1
synthetic_2865,39.72,9,4,1,14.49,3.04,1
synthetic_2866,21.64,13,2,2,14.71,13.32,0
synthetic_2867,113.64,71,0,2,6.86,92.16,0
synthetic_2868,85.19,33,0,1,0.0,21.19,0
synthetic_2869,43.1,23,7,2,40.72,0.0,1
synthetic_2870,104.86,51,2,2,1.39,48.9,0
synthetic_2871,90.88,59,0,2,5.78,26.69,0
synthetic_2872,68.1,4,3,1,15.43,10.16,1
synthetic_2873,44.37,10,1,2,34.35,9.77,1
synthetic_2874,21.92,11,7,2,13.64,0.0,1
synthetic_2875,75.72,11,7,1,4.97,5.66,0
synthetic_2876,37.68,23,8,1,26.75,11.7,1
synthetic_2877,22.9,23,6,2,12.73,7.44,1
synthetic_2878,86.99,46,1,1,0.99,0.0,0
synthetic_2879,32.08,11,7,2,11.08,11.94,0
synthetic_2880,15.91,27,1,2,26.15,0.0,0
synthetic_2881,32.54,27,3,1,20.96,9.4,1
synthetic_2882,110.26,45,0,2,7.84,3.04,0
synthetic_2883,37.49,19,4,2,26.7,10.6,1
synthetic_2884,96.44,43,1,1,6.81,53.19,0
synthetic_2885,30.53,16,2,2,5.64,10.92,0
synthetic_2886,46.3,15,1,1,8.92,16.17,0
synthetic_2887,70.29,43,3,2,4.44,21.4,0
synthetic_2888,38.03,0,4,1,14.16,12.06,1
synthetic_2889,52.69,16,6,1,23.05,11.5,0
synthetic_2890,13.69,11,5,2,33.12,0.0,1
synthetic_2891,117.55,60,2,1,1.5,28.57,0
synthetic_2892,95.53,37,1,2,10.49,53.64,0
synthetic_2893,83.89,37,1,1,2.95,70.8,0
synthetic_2894,84.64,54,2,2,1.41,34.17,0
synthetic_2895,57.23,19,4,1,8.65,12.29,0
synthetic_2896,85.52,40,1,2,4.79,54.21,0
synthetic_2897,35.95,16,6,2,19.51,19.96,0
synthetic_2898,89.83,29,1,2,4.25,20.37,0
synthetic_2899,29.82,21,5,2,16.04,2.48,1
synthetic_2900,60.56,17,2,2,26.32,16.13,1
synthetic_2901,98.1,55,2,2,1.73,35.69,0
synthetic_2902,51.99,20,2,2,31.75,8.06,0
synthetic_2903,83.87,48,0,1,0.0,40.53,0
synthetic_2904,46.0,5,3,2,25.34,5.54,1
synthetic_2905,138.17,55,0,2,4.38,5.06,0
synthetic_2906,137.41,41,4,1,7.79,66.05,0
synthetic_2907,45.88,12,3,2,27.37,1.56,0
synthetic_2908,76.71,67,0,1,3.75,34.56,0
synthetic_2909,73.81,45,2,2,4.59,4.34,0
synthetic_2910,116.14,37,2,1,3.3,29.3,0
synthetic_2911,32.67,12,4,2,23.13,16.9,1
synthetic_2912,99.79,67,1,2,4.68,58.62,0
synthetic_2913,134.94,38,1,1,5.62,40.51,0
synthetic_2914,94.79,70,1,1,3.32,27.5,0
synthetic_2915,66.18,26,7,2,26.5,6.47,0
synthetic_2916,50.46,11,5,2,18.55,13.16,0
synthetic_2917,83.24,47,0,2,3.02,10.06,0
synthetic_2918,5.41,12,2,2,19.82,5.01,0
synthetic_2919,78.01,19,1,2,3.47,55.33,0
synthetic_2920,121.8,48,0,2,0.32,38.79,0
synthetic_2921,17.43,7,5,2,20.03,5.68,1
synthetic_2922,40.27,24,1,2,6.12,16.22,0
synthetic_2923,73.23,47,0,1,6.54,45.94,0
synthetic_2924,63.41,33,8,2,24.66,15.83,1
synthetic_2925,86.46,47,2,1,0.96,68.13,0
synthetic_2926,46.37,45,0,1,6.94,28.49,0
synthetic_2927,90.33,29,2,1,9.56,32.51,0
synthetic_2928,51.95,13,5,2,22.48,8.08,1
synthetic_2929,110.8,54,0,1,3.99,51.9,0
synthetic_2930,103.46,38,1,1,1.41,51.5,0
synthetic_2931,42.93,10,2,1,34.51,13.57,0
synthetic_2932,85.83,61,5,1,2.52,58.3,0
synthetic_2933,90.31,55,2,2,3.4,34.39,0
synthetic_2934,124.72,55,2,2,7.87,44.67,0
synthetic_2935,78.55,45,1,1,6.65,25.89,0
synthetic_2936,38.45,14,5,2,32.81,0.0,1
synthetic_2937,57.65,16,7,1,12.84,11.86,1
synthetic_2938,39.02,12,3,1,28.7,7.63,1
synthetic_2939,5.0,14,4,2,29.07,0.0,1
synthetic_2940,99.06,45,1,2,0.0,36.65,0
synthetic_2941,70.45,16,6,1,20.1,8.48,1
synthetic_2942,115.83,55,1,1,7.55,29.55,0
synthetic_2943,82.75,22,2,1,28.64,10.38,0
synthetic_2944,44.65,18,4,1,6.05,9.09,1
synthetic_2945,19.15,21,3,2,23.67,11.25,1
synthetic_2946,36.61,16,5,2,22.52,0.0,0
synthetic_2947,108.93,34,2,1,0.0,50.77,0
synthetic_2948,97.37,29,2,2,2.67,63.66,0
synthetic_2949,108.03,34,1,1,8.07,61.17,0
synthetic_2950,89.79,18,5,1,27.35,0.0,0
synthetic_2951,102.03,60,0,2,2.06,50.01,0
synthetic_2952,44.78,15,4,1,1.83,17.24,1
synthetic_2953,97.78,51,1,1,0.55,44.18,0
synthetic_2954,81.33,45,1,1,0.05,18.31,0
synthetic_2955,46.53,16,3,1,27.49,16.82,1
synthetic_2956,39.22,12,4,1,10.14,0.0,1
synthetic_2957,54.62,21,4,2,26.7,7.66,1
synthetic_2958,33.29,22,3,2,31.83,9.46,1
synthetic_2959,37.44,35,0,2,5.13,48.82,0
synthetic_2960,108.37,42,0,2,3.58,26.47,0
synthetic_2961,57.6,37,1,1,0.41,0.0,0
synthetic_2962,42.91,3,3,1,6.76,11.71,0
synthetic_2963,68.74,49,0,1,5.04,36.64,0
synthetic_2964,40.98,6,3,2,19.85,13.07,1
synthetic_2965,111.78,28,1,2,3.18,53.97,0
synthetic_2966,20.75,18,5,1,35.76,11.8,1
synthetic_2967,60.2,12,2,2,34.22,2.51,0
synthetic_2968,84.73,50,2,1,2.94,6.83,1
synthetic_2969,35.27,13,7,2,11.83,9.5,1
synthetic_2970,103.64,26,1,2,4.92,14.86,0
synthetic_2971,71.46,44,1,2,4.06,27.05,0
synthetic_2972,10.88,16,3,2,21.83,9.03,0
synthetic_2973,126.12,54,0,2,2.11,40.37,0
synthetic_2974,109.29,56,1,1,3.43,33.62,0
synthetic_2975,76.64,54,0,1,0.0,28.88,0
synthetic_2976,89.66,57,2,1,1.82,56.05,0
synthetic_2977,90.3,67,0,2,5.9,13.37,0
synthetic_2978,84.24,50,5,2,2.53,31.71,0
synthetic_2979,60.8,58,0,1,1.6,0.0,0
synthetic_2980,81.45,51,0,1,7.25,19.38,0
synthetic_2981,64.88,19,6,2,23.71,12.12,1
synthetic_2982,23.98,34,6,1,10.74,1.44,1
synthetic_2983,92.93,35,3,2,1.64,43.74,0
synthetic_2984,17.37,13,3,1,24.23,13.04,1
synthetic_2985,63.83,14,4,2,20.98,0.0,0
synthetic_2986,43.15,6,5,2,26.69,0.0,0
synthetic_2987,116.88,57,2,1,10.86,18.02,0
synthetic_2988,46.85,18,3,2,19.62,8.51,0
synthetic_2989,89.81,64,0,2,7.25,55.16,0
synthetic_2990,95.25,25,1,2,10.86,11.23,0
synthetic_2991,79.52,31,2,1,9.15,12.98,0
synthetic_2992,23.66,23,6,2,37.81,1.39,1
synthetic_2993,112.76,57,1,1,7.44,40.06,0
synthetic_2994,78.99,48,2,2,4.38,0.0,0
synthetic_2995,95.0,45,2,2,3.88,4.7,0
synthetic_2996,109.17,44,1,1,6.52,49.43,0
synthetic_2997,60.19,13,6,1,16.56,12.53,0
synthetic_2998,116.91,36,2,1,5.52,41.27,0
synthetic_2999,45.78,6,1,1,31.37,15.68,1
synthetic_3000,91.7,36,0,2,2.55,83.56,0
synthetic_3001,54.84,38,2,1,0.38,29.57,0
synthetic_3002,57.61,18,4,1,13.79,8.67,0
synthetic_3003,102.43,42,1,2,4.71,29.27,0
synthetic_3004,58.7,23,5,1,21.19,28.32,1
synthetic_3005,106.36,48,0,1,0.0,50.78,0
synthetic_3006,117.52,52,3,1,4.31,50.57,0
synthetic_3007,28.15,12,1,2,47.96,5.7,1
synthetic_3008,40.26,13,6,1,27.42,8.43,1
synthetic_3009,119.41,50,0,2,7.74,33.54,0
synthetic_3010,38.34,7,4,1,21.47,23.83,1
synthetic_3011,114.3,44,2,1,7.05,32.08,0
synthetic_3012,109.67,43,2,2,4.28,45.65,0
synthetic_3013,100.49,42,1,1,3.43,36.09,0
synthetic_3014,41.0,18,5,1,2.76,3.05,1
synthetic_3015,75.27,53,2,2,9.13,45.25,0
synthetic_3016,130.51,51,1,1,8.8,43.8,0
synthetic_3017,25.41,27,2,2,13.67,22.0,1
synthetic_3018,18.03,4,2,2,23.23,13.33,1
synthetic_3019,40.4,14,2,1,8.21,5.12,0
synthetic_3020,29.86,20,5,1,12.62,10.11,1
synthetic_3021,98.29,51,1,1,2.8,5.46,0
synthetic_3022,103.0,33,1,1,3.42,43.8,0
synthetic_3023,109.69,48,0,2,13.14,43.81,0
synthetic_3024,47.31,10,5,2,23.04,8.41,1
synthetic_3025,48.8,15,5,2,20.26,11.85,0
synthetic_3026,73.82,11,4,2,16.61,10.5,0
synthetic_3027,60.06,49,2,1,3.63,16.9,1
synthetic_3028,88.53,56,2,2,1.23,24.21,0
synthetic_3029,34.04,23,3,2,13.06,0.0,0
synthetic_3030,104.83,50,1,1,5.85,37.93,0
synthetic_3031,43.18,0,8,1,9.15,10.42,1
synthetic_3032,28.39,5,5,2,32.21,10.03,1
synthetic_3033,5.0,9,9,1,19.99,2.91,0
synthetic_3034,90.34,55,3,1,4.47,58.32,0
synthetic_3035,101.96,45,3,1,3.87,37.9,0
synthetic_3036,66.7,57,1,2,1.08,30.26,0
synthetic_3037,68.99,8,3,2,31.16,6.63,0
synthetic_3038,84.11,9,5,1,28.5,15.96,0
synthetic_3039,93.77,46,1,2,0.0,10.63,0
synthetic_3040,72.65,12,1,2,6.86,11.84,1
synthetic_3041,96.48,32,2,1,2.28,0.0,0
synthetic_3042,111.92,53,2,2,4.99,19.03,0
synthetic_3043,82.02,9,6,2,39.38,0.0,0
synthetic_3044,118.48,37,0,1,4.63,16.75,0
synthetic_3045,117.66,26,0,1,0.99,47.52,0
synthetic_3046,82.18,55,1,1,8.19,46.39,0
synthetic_3047,126.9,50,1,1,1.81,26.51,0
synthetic_3048,95.91,50,3,2,0.0,29.1,0
synthetic_3049,57.43,8,7,1,38.74,15.01,1
synthetic_3050,96.98,41,1,2,6.45,57.05,0
synthetic_3051,41.18,12,4,2,30.58,0.0,0
synthetic_3052,42.4,46,0,2,3.98,0.0,1
synthetic_3053,91.29,44,0,2,7.24,48.86,0
synthetic_3054,67.72,61,2,1,8.24,0.0,0
synthetic_3055,127.53,70,1,1,5.84,37.34,0
synthetic_3056,126.72,40,1,1,6.48,33.66,0
synthetic_3057,51.01,7,4,1,39.34,13.25,1
synthetic_3058,73.89,6,6,2,16.66,7.94,0
synthetic_3059,20.17,10,3,1,32.23,18.06,1
synthetic_3060,81.85,48,0,1,3.22,46.8,0
synthetic_3061,66.74,13,3,2,16.53,6.73,0
synthetic_3062,49.18,14,1,1,26.84,10.01,0
synthetic_3063,47.89,63,2,1,4.61,48.43,0
synthetic_3064,21.63,12,2,1,4.34,0.0,1
synthetic_3065,39.23,20,4,2,21.13,5.88,1
synthetic_3066,73.89,6,4,2,9.51,3.51,0
synthetic_3067,7.66,14,4,2,27.07,7.24,1
synthetic_3068,119.03,48,1,1,0.38,33.53,0
synthetic_3069,55.64,11,3,2,30.77,10.7,1
synthetic_3070,84.38,18,4,2,15.03,5.89,0
synthetic_3071,95.56,47,3,1,0.0,36.67,0
synthetic_3072,107.43,45,1,2,3.88,43.03,0
synthetic_3073,92.29,56,1,1,5.23,47.78,0
synthetic_3074,91.38,29,1,1,8.29,56.73,0
synthetic_3075,75.72,35,3,2,6.93,33.94,1
synthetic_3076,23.24,14,2,2,6.6,12.0,0
synthetic_3077,131.76,37,1,2,6.5,9.72,0
synthetic_3078,132.49,34,1,2,6.67,43.05,0
synthetic_3079,59.81,29,5,2,29.74,0.43,1
synthetic_3080,31.74,11,4,2,43.08,3.25,1
synthetic_3081,20.74,15,2,2,31.05,14.68,1
synthetic_3082,107.85,42,2,1,2.64,43.33,0
synthetic_3083,130.19,33,2,2,2.37,28.46,0
synthetic_3084,64.42,54,1,2,0.0,48.3,0
synthetic_3085,45.68,21,5,1,22.89,19.59,1
synthetic_3086,58.92,12,7,1,30.83,20.27,1
synthetic_3087,105.55,26,1,2,1.54,1.11,0
synthetic_3088,127.86,57,1,2,7.28,37.75,0
synthetic_3089,135.72,64,2,1,0.0,34.11,0
synthetic_3090,90.33,19,2,2,8.08,32.92,0
synthetic_3091,108.46,55,0,2,1.51,54.88,0
synthetic_3092,96.68,65,2,1,3.56,65.84,0
synthetic_3093,82.36,35,0,2,1.67,52.9,0
synthetic_3094,100.42,64,0,2,0.01,31.69,0
synthetic_3095,40.84,19,5,1,30.85,8.83,1
synthetic_3096,29.78,19,4,2,37.75,16.81,1
synthetic_3097,59.14,18,5,1,23.7,6.45,1
synthetic_3098,12.9,19,2,1,21.54,2.45,0
synthetic_3099,13.41,19,5,1,29.59,0.0,1
synthetic_3100,78.15,66,2,1,0.0,60.74,0
synthetic_3101,41.49,10,2,1,33.4,0.0,1
synthetic_3102,103.36,45,2,2,5.31,56.4,0
synthetic_3103,114.59,82,1,1,0.0,98.86,0
synthetic_3104,77.85,61,0,1,3.47,54.98,0
synthetic_3105,83.45,51,2,1,9.91,62.95,0
synthetic_3106,48.04,27,6,1,20.43,19.69,0
synthetic_3107,91.71,27,2,1,4.97,37.41,0
synthetic_3108,74.56,23,3,2,11.32,1.2,0
synthetic_3109,91.5,34,0,1,3.96,24.61,0
synthetic_3110,28.86,26,1,2,30.34,0.0,1
synthetic_3111,46.89,17,0,1,37.3,11.09,0
synthetic_3112,117.26,38,1,1,8.97,34.27,0
synthetic_3113,95.53,43,1,2,2.72,40.06,0
synthetic_3114,77.55,42,1,1,1.64,63.83,0
synthetic_3115,133.5,55,0,1,3.77,15.9,0
synthetic_3116,45.84,21,5,1,9.84,0.62,0
synthetic_3117,85.87,49,1,2,2.98,45.36,0
synthetic_3118,70.82,12,3,1,9.24,8.2,1
synthetic_3119,48.94,8,2,2,33.38,13.16,1
synthetic_3120,39.75,13,5,1,35.5,7.1,1
synthetic_3121,55.13,17,7,2,15.61,8.21,0
synthetic_3122,41.39,2,4,2,9.31,11.67,1
synthetic_3123,106.64,55,1,2,0.0,42.35,0
synthetic_3124,46.57,2,2,1,16.8,4.52,0
synthetic_3125,36.89,12,4,1,19.9,4.94,0
synthetic_3126,80.15,31,1,2,2.54,39.0,0
synthetic_3127,20.74,8,5,2,12.7,12.07,0
synthetic_3128,95.35,71,0,2,2.48,52.03,0
synthetic_3129,70.17,30,3,1,2.42,39.23,0
synthetic_3130,66.96,26,4,2,31.35,11.33,0
synthetic_3131,95.05,36,1,1,1.98,48.83,0
synthetic_3132,47.54,22,6,1,22.61,8.39,0
synthetic_3133,68.0,6,2,1,26.5,7.92,1
synthetic_3134,114.16,48,2,2,3.99,0.0,0
synthetic_3135,99.76,30,1,2,4.01,17.5,0
synthetic_3136,84.16,33,0,1,3.85,35.92,0
synthetic_3137,47.82,24,3,1,17.93,9.38,1
synthetic_3138,94.91,29,1,1,8.31,56.07,0
synthetic_3139,59.52,17,4,1,25.33,3.18,1
synthetic_3140,50.48,17,6,2,40.31,8.33,1
synthetic_3141,64.95,15,3,1,25.59,0.0,1
synthetic_3142,66.95,50,1,2,2.02,51.35,0
synthetic_3143,80.22,10,0,1,32.82,17.48,1
synthetic_3144,98.32,56,1,1,1.75,43.25,0
synthetic_3145,117.48,35,1,1,1.9,59.72,0
synthetic_3146,120.96,53,3,2,0.0,38.0,0
synthetic_3147,130.49,48,0,1,2.91,66.29,0
synthetic_3148,97.61,52,2,2,1.54,24.78,0
synthetic_3149,33.51,21,4,2,12.2,6.88,0
synthetic_3150,74.91,9,4,2,33.0,17.92,1
synthetic_3151,103.6,37,0,2,5.25,38.24,0
synthetic_3152,66.22,10,8,2,18.11,1.65,0
synthetic_3153,31.23,17,1,2,11.54,8.72,1
synthetic_3154,57.51,10,5,2,16.16,7.19,1
synthetic_3155,39.94,25,2,2,27.73,5.37,1
synthetic_3156,76.58,21,3,2,34.23,0.0,1
synthetic_3157,53.77,24,7,2,0.0,7.96,0
synthetic_3158,84.66,63,0,2,6.01,30.49,0
synthetic_3159,5.0,14,6,1,16.26,12.5,1
synthetic_3160,137.06,30,2,2,7.17,20.6,0
synthetic_3161,116.34,40,1,2,6.99,25.7,0
synthetic_3162,49.47,15,4,2,41.21,4.64,1
synthetic_3163,87.16,37,0,1,6.86,19.71,0
synthetic_3164,88.78,35,0,1,1.65,13.42,0
synthetic_3165,125.85,41,2,2,4.53,32.89,0
synthetic_3166,68.62,27,3,2,26.38,3.16,0
synthetic_3167,5.0,18,3,1,15.1,7.33,1
synthetic_3168,56.79,16,8,2,37.76,15.88,1
synthetic_3169,98.66,51,2,1,10.69,50.32,0
synthetic_3170,101.87,45,1,1,3.12,19.55,0
synthetic_3171,116.73,33,0,1,3.87,43.74,0
synthetic_3172,104.31,41,1,2,2.61,17.61,0
synthetic_3173,109.94,30,0,1,1.85,58.31,0
synthetic_3174,86.53,59,1,2,2.41,42.27,0
synthetic_3175,62.51,12,2,2,20.51,8.6,1
synthetic_3176,100.6,40,1,1,4.05,50.11,1
synthetic_3177,43.25,19,5,2,24.12,17.03,1
synthetic_3178,31.14,20,3,1,35.06,3.41,1
synthetic_3179,80.44,60,2,2,2.37,20.98,0
synthetic_3180,119.42,32,1,2,3.99,75.62,0
synthetic_3181,44.16,17,4,2,25.64,16.14,1
synthetic_3182,86.79,44,2,1,2.28,33.68,0
synthetic_3183,11.3,16,3,2,30.06,2.65,1
synthetic_3184,61.64,11,0,1,18.17,3.34,0
synthetic_3185,34.06,8,5,2,3.88,3.25,1
synthetic_3186,84.21,39,1,1,5.12,80.46,0
synthetic_3187,99.61,44,1,2,2.41,30.41,0
synthetic_3188,18.82,15,1,2,16.56,8.09,1
synthetic_3189,44.1,14,6,2,23.72,0.21,1
synthetic_3190,41.59,13,4,1,27.97,11.46,1
synthetic_3191,52.59,18,11,1,19.42,8.25,1
synthetic_3192,113.29,71,1,1,0.28,42.33,0
synthetic_3193,92.03,69,0,2,8.11,2.8,0
synthetic_3194,82.54,39,2,1,2.54,54.7,0
synthetic_3195,65.63,27,4,2,39.38,20.06,0
synthetic_3196,106.71,56,1,2,7.07,6.21,0
synthetic_3197,42.25,5,3,1,5.44,6.71,1
synthetic_3198,53.37,16,2,1,18.85,2.78,1
synthetic_3199,92.58,53,0,1,1.5,31.24,0
synthetic_3200,110.74,45,1,1,5.33,47.03,0
synthetic_3201,120.22,50,3,2,0.0,57.33,0
synthetic_3202,112.6,42,0,2,11.65,46.62,0
synthetic_3203,94.36,31,0,2,0.9,12.22,0
synthetic_3204,78.32,40,2,1,5.07,41.28,0
synthetic_3205,48.72,5,2,1,13.94,6.43,0
synthetic_3206,15.12,21,2,1,32.13,11.15,1
synthetic_3207,42.71,17,5,1,3.86,1.46,1
synthetic_3208,48.89,19,4,1,6.46,2.77,0
synthetic_3209,22.11,23,5,2,14.65,8.92,1
synthetic_3210,37.8,19,4,1,25.02,2.21,1
synthetic_3211,99.87,56,0,2,2.32,44.81,0
synthetic_3212,77.01,36,1,2,1.56,14.79,0
synthetic_3213,103.68,41,2,1,6.64,45.41,0
synthetic_3214,12.08,21,4,2,25.43,7.59,1
synthetic_3215,80.53,41,2,2,5.58,46.2,0
synthetic_3216,43.87,7,3,1,19.27,15.3,1
synthetic_3217,55.33,11,7,2,14.94,9.81,0
synthetic_3218,37.17,10,3,2,32.89,8.0,1
synthetic_3219,28.97,13,6,1,28.6,16.09,1
synthetic_3220,29.58,19,3,2,28.24,13.85,1
synthetic_3221,79.76,51,0,1,4.69,16.38,0
synthetic_3222,61.84,4,3,1,4.16,32.76,1
synthetic_3223,64.27,42,1,1,2.09,37.03,0
synthetic_3224,41.19,24,1,2,16.12,18.66,0
synthetic_3225,68.63,58,3,2,2.43,15.6,0
synthetic_3226,88.05,58,4,1,4.67,0.0,0
synthetic_3227,95.15,26,6,2,8.92,9.74,0
synthetic_3228,67.43,31,1,2,0.0,74.09,0
synthetic_3229,89.35,63,2,2,6.39,23.1,0
synthetic_3230,110.88,11,4,2,23.45,15.61,0
synthetic_3231,53.42,9,2,2,11.53,8.78,1
synthetic_3232,87.65,48,2,2,1.19,0.0,0
synthetic_3233,61.85,16,3,1,15.99,0.91,0
synthetic_3234,26.8,22,2,2,30.46,0.0,1
synthetic_3235,63.18,25,3,1,27.09,11.39,0
synthetic_3236,84.38,52,1,1,1.91,67.86,0
synthetic_3237,36.2,16,4,2,14.5,5.0,1
synthetic_3238,77.18,15,6,1,13.51,2.88,1
synthetic_3239,56.33,12,4,1,47.9,15.25,1
synthetic_3240,66.89,52,0,2,4.26,15.67,0
synthetic_3241,85.72,62,1,2,4.39,80.86,0
synthetic_3242,76.83,57,2,1,4.17,25.83,1
synthetic_3243,57.23,19,3,2,30.87,11.92,0
synthetic_3244,69.18,20,7,2,25.6,18.89,0
synthetic_3245,102.94,55,1,1,7.08,64.81,0
synthetic_3246,81.03,10,7,2,27.39,6.08,1
synthetic_3247,97.63,45,0,1,3.94,68.82,0
synthetic_3248,70.94,44,1,1,2.12,39.87,0
synthetic_3249,86.49,28,0,2,7.02,38.24,0
synthetic_3250,139.22,49,2,2,1.62,36.65,0
synthetic_3251,113.64,71,1,1,4.21,39.67,0
synthetic_3252,43.2,24,4,2,34.85,8.34,1
synthetic_3253,158.98,54,3,1,4.59,48.13,0
synthetic_3254,36.68,25,4,1,12.4,16.57,1
synthetic_3255,118.3,55,1,2,5.1,32.65,0
synthetic_3256,45.43,12,4,1,14.41,5.74,1
synthetic_3257,60.47,12,3,1,21.37,4.75,0
synthetic_3258,68.04,51,0,1,8.72,38.52,0
synthetic_3259,48.34,4,4,1,3.49,2.04,1
synthetic_3260,17.66,21,7,1,2.16,14.75,1
synthetic_3261,88.85,12,0,2,9.88,24.45,0
synthetic_3262,42.16,5,3,1,35.53,4.26,1
synthetic_3263,83.66,44,2,1,5.96,18.5,0
synthetic_3264,38.15,21,4,1,37.77,10.79,0
synthetic_3265,35.23,16,2,1,20.44,0.0,0
synthetic_3266,75.88,22,5,1,13.58,4.73,0
synthetic_3267,80.03,45,0,2,8.64,68.76,0
synthetic_3268,96.08,39,1,2,6.69,38.81,0
synthetic_3269,42.85,14,4,1,15.8,6.26,1
synthetic_3270,123.42,45,0,1,6.61,52.61,0
synthetic_3271,90.68,49,0,1,5.86,43.66,0
synthetic_3272,88.67,39,2,1,0.97,52.05,0
synthetic_3273,77.55,61,0,2,4.54,34.4,0
synthetic_3274,101.6,46,2,1,5.13,72.84,0
synthetic_3275,89.06,35,3,2,3.6,41.69,0
synthetic_3276,89.52,32,0,1,3.34,25.39,0
synthetic_3277,93.12,42,3,1,6.7,31.32,0
synthetic_3278,32.62,25,4,1,31.26,8.01,0
synthetic_3279,59.2,27,6,2,19.41,3.78,1
synthetic_3280,79.56,52,3,2,2.04,77.84,0
synthetic_3281,33.55,14,2,1,20.59,13.77,1
synthetic_3282,34.42,7,2,2,23.87,3.13,1
synthetic_3283,23.56,16,2,2,27.29,0.0,1
synthetic_3284,65.31,16,1,2,16.44,12.86,0
synthetic_3285,119.07,54,1,2,4.86,23.33,0
synthetic_3286,86.18,54,1,2,7.54,30.62,0
synthetic_3287,70.11,16,4,2,21.22,12.24,1
synthetic_3288,33.59,17,3,2,27.74,1.22,1
synthetic_3289,41.24,19,3,1,17.93,3.66,1
synthetic_3290,24.76,20,5,2,33.55,1.37,0
synthetic_3291,96.94,27,1,1,3.74,40.06,0
synthetic_3292,86.56,48,0,2,1.1,29.44,0
synthetic_3293,86.42,37,2,1,0.0,29.59,0
synthetic_3294,74.8,27,0,1,10.75,62.11,0
synthetic_3295,71.92,41,1,2,2.28,33.02,0
synthetic_3296,96.21,60,1,2,1.02,67.91,0
synthetic_3297,101.13,59,1,2,4.94,27.29,0
synthetic_3298,66.44,56,0,1,0.95,40.92,0
synthetic_3299,60.3,16,3,1,18.52,12.43,1
synthetic_3300,110.28,52,1,1,8.05,63.64,0
synthetic_3301,45.8,19,9,1,9.99,3.11,0
synthetic_3302,39.0,16,4,2,16.28,8.97,0
synthetic_3303,107.74,34,4,1,5.29,41.49,0
synthetic_3304,138.7,38,3,2,0.35,21.83,0
synthetic_3305,36.69,16,4,1,15.6,0.0,1
synthetic_3306,25.95,12,4,1,11.02,11.77,1
synthetic_3307,15.42,33,6,2,31.52,5.03,1
synthetic_3308,130.11,46,1,1,1.44,28.75,0
synthetic_3309,37.57,13,4,2,2.24,0.0,0
synthetic_3310,76.51,43,0,2,11.44,25.05,0
synthetic_3311,80.45,39,1,2,6.39,16.34,0
synthetic_3312,88.52,62,1,1,0.0,15.48,0
synthetic_3313,119.49,45,2,2,3.3,46.46,0
synthetic_3314,56.54,14,1,1,11.59,10.67,0
synthetic_3315,41.34,6,4,2,23.94,20.88,1
synthetic_3316,138.35,33,1,2,8.18,19.57,0
synthetic_3317,47.28,18,5,1,20.74,2.73,1
synthetic_3318,19.75,10,3,1,11.12,16.32,1
synthetic_3319,55.79,18,2,2,19.96,0.0,0
synthetic_3320,26.26,28,6,2,24.48,9.16,0
synthetic_3321,63.36,17,4,1,24.96,11.02,0
synthetic_3322,78.18,46,1,1,7.09,45.25,0
synthetic_3323,97.1,58,0,1,5.13,32.26,0
synthetic_3324,49.58,49,4,1,4.32,71.69,0
synthetic_3325,88.95,53,5,2,8.63,86.13,0
synthetic_3326,52.62,17,5,2,24.03,4.15,0
synthetic_3327,88.95,38,1,1,7.41,1.72,0
synthetic_3328,83.98,19,0,2,6.27,29.26,0
synthetic_3329,45.83,16,7,2,26.67,3.14,1
synthetic_3330,58.56,19,0,1,0.87,53.72,0
synthetic_3331,39.21,24,7,1,17.27,6.69,1
synthetic_3332,66.98,25,2,2,15.62,6.16,1
synthetic_3333,26.16,18,2,1,14.11,16.82,1
synthetic_3334,53.4,14,1,1,33.74,12.15,1
synthetic_3335,5.0,20,6,1,24.74,0.0,1
synthetic_3336,85.78,67,1,2,3.71,22.41,0
synthetic_3337,51.86,51,1,1,1.75,31.92,0
synthetic_3338,18.75,20,4,2,21.1,8.41,1
synthetic_3339,70.34,39,1,1,0.0,0.0,0
synthetic_3340,63.13,26,6,2,41.75,15.22,1
synthetic_3341,78.83,44,0,1,5.77,53.75,0
synthetic_3342,25.62,18,3,2,13.75,0.68,1
synthetic_3343,35.52,18,1,1,22.0,11.39,1
synthetic_3344,105.63,47,2,1,5.08,31.25,0
synthetic_3345,117.6,55,1,1,4.07,38.14,0
synthetic_3346,101.61,39,0,2,3.97,65.47,0
synthetic_3347,102.92,26,1,1,0.0,41.08,0
synthetic_3348,59.38,62,0,1,0.97,70.11,0
synthetic_3349,30.61,25,6,2,18.41,6.73,1
synthetic_3350,72.83,11,3,1,13.9,6.35,1
synthetic_3351,24.18,15,3,2,11.16,0.0,0
synthetic_3352,46.46,13,7,2,19.34,14.48,1
synthetic_3353,68.66,12,3,2,15.68,15.71,0
synthetic_3354,99.52,43,1,2,2.66,23.09,1
synthetic_3355,36.59,16,3,1,31.66,3.44,1
synthetic_3356,92.33,55,3,1,2.15,78.29,0
synthetic_3357,111.56,52,0,2,4.51,3.76,0
synthetic_3358,60.9,45,1,2,0.55,63.58,0
synthetic_3359,62.72,38,2,2,2.01,44.84,0
synthetic_3360,82.25,26,4,1,10.82,2.56,0
synthetic_3361,54.43,13,3,1,21.6,14.79,1
synthetic_3362,108.47,26,3,2,0.0,36.37,0
synthetic_3363,112.94,44,0,2,2.86,65.31,0
synthetic_3364,15.78,29,2,1,21.74,8.63,1
synthetic_3365,54.2,8,2,2,24.68,5.57,1
synthetic_3366,92.58,53,0,2,0.0,28.23,0
synthetic_3367,123.87,45,1,1,7.1,36.03,0
synthetic_3368,88.24,0,3,1,34.09,7.36,1
synthetic_3369,39.93,19,3,1,23.08,9.34,0
synthetic_3370,101.62,70,0,2,7.13,56.54,0
synthetic_3371,68.05,14,4,2,19.04,1.87,0
synthetic_3372,89.88,37,0,1,0.0,40.0,0
synthetic_3373,36.05,12,12,1,30.45,11.08,1
synthetic_3374,92.42,14,0,1,0.0,68.85,0
synthetic_3375,45.86,14,8,1,21.94,11.14,1
synthetic_3376,13.77,13,6,2,33.62,13.04,1
synthetic_3377,72.65,52,0,1,1.91,24.63,0
synthetic_3378,115.5,49,0,1,2.09,44.16,0
synthetic_3379,105.87,53,4,1,3.35,45.64,0
synthetic_3380,32.88,4,2,1,31.49,7.72,1
synthetic_3381,62.41,62,1,1,1.42,36.45,1
synthetic_3382,133.03,50,0,1,2.09,4.62,0
synthetic_3383,63.55,41,1,1,7.22,54.5,0
synthetic_3384,41.14,15,4,1,7.66,4.14,0
synthetic_3385,82.58,57,2,2,5.51,39.16,0
synthetic_3386,121.15,51,2,1,1.26,28.55,0
synthetic_3387,99.51,47,1,1,8.15,54.56,0
synthetic_3388,40.5,9,5,2,26.09,3.11,1
synthetic_3389,40.1,14,6,2,12.51,2.62,1
synthetic_3390,45.98,0,3,1,9.32,8.7,1
synthetic_3391,117.65,45,0,2,8.57,19.3,0
synthetic_3392,110.97,44,0,1,0.99,40.41,0
synthetic_3393,33.02,21,4,1,27.42,19.68,1
synthetic_3394,102.94,31,1,1,5.12,43.85,0
synthetic_3395,42.16,52,1,2,0.12,48.69,0
synthetic_3396,44.1,16,5,2,18.4,6.36,1
synthetic_3397,36.22,19,2,2,22.08,7.7,1
synthetic_3398,87.61,56,1,1,4.45,31.23,0
synthetic_3399,83.82,33,1,1,0.0,4.0,0
synthetic_3400,30.39,15,0,2,19.5,8.9,1
synthetic_3401,113.95,46,1,1,0.0,27.73,0
synthetic_3402,104.12,25,3,2,5.31,53.08,1
synthetic_3403,105.02,61,0,2,5.51,49.23,0
synthetic_3404,82.33,49,1,2,3.36,70.02,0
synthetic_3405,98.53,50,1,2,7.54,29.97,0
synthetic_3406,68.24,57,1,1,6.39,47.93,0
synthetic_3407,44.68,16,5,1,22.08,19.8,1
synthetic_3408,44.44,47,3,1,1.37,85.83,0
synthetic_3409,41.6,16,7,2,12.66,16.63,1
synthetic_3410,88.55,49,2,1,6.05,39.04,0
synthetic_3411,39.45,1,3,2,41.27,6.42,1
synthetic_3412,58.99,26,3,2,0.0,49.31,0
synthetic_3413,22.44,20,4,2,0.5,2.4,1
synthetic_3414,74.28,13,3,1,11.89,1.99,1
synthetic_3415,61.61,25,5,2,8.15,6.31,1
synthetic_3416,99.04,32,1,1,0.0,92.44,0
synthetic_3417,109.04,58,3,1,5.6,17.46,0
synthetic_3418,58.46,24,3,2,19.35,19.37,0
synthetic_3419,84.79,20,1,1,2.38,48.32,0
synthetic_3420,96.64,57,0,2,1.49,46.44,0
synthetic_3421,67.93,16,5,1,5.21,0.0,0
synthetic_3422,109.49,66,0,2,5.4,94.18,0
synthetic_3423,94.88,18,6,1,37.04,6.41,0
synthetic_3424,37.7,20,1,1,46.82,0.0,1
synthetic_3425,95.79,51,3,2,0.54,13.41,0
synthetic_3426,41.86,29,2,1,37.57,9.34,1
synthetic_3427,62.14,57,0,2,6.06,54.08,0
synthetic_3428,75.4,48,1,1,2.79,23.25,0
synthetic_3429,118.97,80,3,2,9.15,34.64,0
synthetic_3430,90.83,46,1,2,4.83,27.95,1
synthetic_3431,100.57,52,0,1,0.5,50.76,0
synthetic_3432,77.41,34,1,2,0.0,47.79,0
synthetic_3433,58.34,13,1,1,27.55,7.98,0
synthetic_3434,41.07,6,1,1,18.67,5.13,1
synthetic_3435,97.0,45,0,1,6.75,25.68,0
synthetic_3436,56.12,10,1,2,7.28,11.42,0
synthetic_3437,7.85,22,2,1,26.43,16.52,1
synthetic_3438,70.74,10,4,2,17.08,9.25,1
synthetic_3439,88.16,35,1,2,4.77,42.17,0
synthetic_3440,55.65,8,6,2,16.07,2.0,0
synthetic_3441,57.41,34,5,2,24.85,9.5,0
synthetic_3442,72.42,20,5,2,28.68,2.78,0
synthetic_3443,42.9,15,7,2,20.16,5.36,1
synthetic_3444,75.98,64,2,2,5.25,59.29,0
synthetic_3445,46.14,12,2,2,36.9,2.26,1
synthetic_3446,71.91,47,2,2,3.21,70.14,0
synthetic_3447,108.1,63,1,1,0.0,19.08,0
synthetic_3448,47.95,28,3,2,15.33,0.0,0
synthetic_3449,84.79,38,1,1,4.68,56.82,0
synthetic_3450,70.65,33,0,2,5.06,33.98,0
synthetic_3451,55.59,44,1,2,5.23,49.09,0
synthetic_3452,33.73,22,5,2,17.62,11.75,1
synthetic_3453,36.87,14,4,1,41.82,1.37,1
synthetic_3454,73.45,45,0,1,0.92,62.75,0
synthetic_3455,96.94,60,0,1,0.0,26.34,0
synthetic_3456,65.47,42,1,1,4.37,76.02,0
synthetic_3457,90.32,36,3,1,9.72,57.66,0
synthetic_3458,36.19,11,2,2,23.46,12.88,1
synthetic_3459,93.44,39,1,2,1.72,51.77,0
synthetic_3460,84.98,30,2,1,4.08,50.56,0
synthetic_3461,71.19,69,2,2,3.59,74.45,0
synthetic_3462,58.74,22,10,2,25.63,4.55,1
synthetic_3463,57.12,21,5,1,19.77,10.93,0
synthetic_3464,68.72,66,1,1,3.67,48.67,0
synthetic_3465,116.65,29,3,2,3.49,40.36,1
synthetic_3466,87.8,43,1,1,9.96,12.19,0
synthetic_3467,30.48,20,4,1,21.09,10.64,1
synthetic_3468,23.71,13,2,1,12.65,5.27,1
synthetic_3469,113.29,74,3,1,1.52,43.07,0
synthetic_3470,18.07,23,4,1,24.98,12.01,1
synthetic_3471,39.87,17,2,1,14.44,7.87,1
synthetic_3472,77.87,61,1,2,7.52,21.81,0
synthetic_3473,29.14,17,2,1,24.09,4.91,0
synthetic_3474,115.73,39,3,1,0.0,43.71,0
synthetic_3475,36.32,16,4,2,31.45,13.37,1
synthetic_3476,67.51,33,4,1,2.85,68.1,0
synthetic_3477,76.15,44,1,1,5.72,52.54,0
synthetic_3478,118.4,45,2,2,1.99,18.84,0
synthetic_3479,78.91,65,1,2,1.23,53.64,0
synthetic_3480,16.96,16,4,1,21.42,8.12,1
synthetic_3481,86.39,73,2,2,1.5,36.54,0
synthetic_3482,97.83,19,2,2,1.49,39.72,0
synthetic_3483,67.28,30,1,1,5.39,42.7,0
synthetic_3484,82.83,41,0,1,0.0,60.25,0
synthetic_3485,77.49,63,0,2,6.2,49.94,0
synthetic_3486,99.51,44,0,2,9.37,16.29,0
synthetic_3487,96.86,27,2,1,6.6,9.96,1
synthetic_3488,56.45,15,6,1,13.97,7.45,0
synthetic_3489,85.19,31,1,1,1.83,50.77,0
synthetic_3490,76.4,28,0,2,4.19,65.22,0
synthetic_3491,45.36,2,4,1,0.74,11.15,0
synthetic_3492,74.41,41,2,1,8.84,45.6,0
synthetic_3493,116.57,47,1,2,8.71,49.55,0
synthetic_3494,15.37,17,2,2,22.93,22.4,1
synthetic_3495,88.48,42,1,1,2.41,7.75,0
synthetic_3496,104.24,35,2,1,1.66,54.72,0
synthetic_3497,93.47,41,0,1,5.93,47.38,0
synthetic_3498,7.18,8,4,2,34.26,8.74,1
synthetic_3499,73.77,62,1,1,4.2,76.87,0
synthetic_3500,5.0,11,3,1,22.63,19.88,1
synthetic_3501,96.68,30,0,2,10.34,32.95,0
synthetic_3502,61.2,17,4,1,25.11,7.81,0
synthetic_3503,102.04,51,2,2,0.0,50.36,0
synthetic_3504,83.81,38,0,1,3.9,0.0,0
synthetic_3505,77.51,47,3,2,4.6,20.59,0
synthetic_3506,72.1,52,0,1,3.19,46.17,0
synthetic_3507,115.0,46,2,2,7.79,26.82,0
synthetic_3508,55.69,51,0,1,3.01,39.05,0
synthetic_3509,29.95,9,1,1,31.33,4.43,1
synthetic_3510,97.4,69,2,1,1.87,17.76,0
synthetic_3511,126.57,22,2,1,6.02,0.0,0
synthetic_3512,106.08,52,0,2,0.0,54.0,0
synthetic_3513,78.08,49,1,1,2.52,36.44,0
synthetic_3514,125.59,53,1,1,6.54,46.79,0
synthetic_3515,67.9,36,2,1,0.0,38.83,0
synthetic_3516,100.31,59,1,2,0.89,38.47,0
synthetic_3517,16.07,11,6,2,12.72,12.52,0
synthetic_3518,77.38,31,0,1,1.31,36.15,1
synthetic_3519,108.95,32,1,2,2.43,33.23,0
synthetic_3520,84.72,46,1,1,3.29,19.9,0
synthetic_3521,108.9,26,3,1,1.25,89.65,0
synthetic_3522,30.61,12,3,2,20.1,3.48,1
synthetic_3523,72.02,18,3,2,21.46,0.0,1
synthetic_3524,86.76,67,3,1,5.0,65.38,0
synthetic_3525,60.06,18,5,1,26.49,0.0,0
synthetic_3526,25.39,14,6,1,20.93,0.0,1
synthetic_3527,5.0,21,5,2,12.61,0.0,1
synthetic_3528,105.15,13,1,2,4.46,32.72,0
synthetic_3529,92.45,40,1,1,2.46,57.56,0
synthetic_3530,30.1,15,4,2,31.78,8.83,1
synthetic_3531,68.47,22,3,2,25.4,20.34,0
synthetic_3532,104.44,42,1,2,2.89,14.07,0
synthetic_3533,36.52,9,5,2,33.15,20.37,1
synthetic_3534,75.35,49,1,1,9.71,30.56,0
synthetic_3535,122.68,60,3,1,8.35,27.62,0
synthetic_3536,42.81,5,5,2,33.31,0.36,1
synthetic_3537,112.65,29,2,1,5.44,16.68,0
synthetic_3538,49.22,8,4,2,29.47,16.61,1
synthetic_3539,69.95,26,4,2,0.0,7.76,0
synthetic_3540,55.1,42,0,2,1.12,16.55,0
synthetic_3541,83.62,65,1,2,4.74,27.13,0
synthetic_3542,136.56,29,2,2,3.67,37.24,0
synthetic_3543,22.88,28,2,2,6.61,8.87,0
synthetic_3544,60.27,15,5,2,22.29,16.0,1
synthetic_3545,75.05,52,0,1,3.48,7.91,1
synthetic_3546,119.3,16,1,1,7.63,49.75,0
synthetic_3547,90.14,42,1,2,5.73,49.37,0
synthetic_3548,74.39,19,0,1,24.19,2.58,0
synthetic_3549,123.27,44,0,2,0.07,43.42,0
synthetic_3550,106.59,60,0,2,3.86,68.69,0
synthetic_3551,76.61,60,1,1,6.36,22.72,0
synthetic_3552,52.02,12,3,1,27.37,24.64,0
synthetic_3553,118.16,55,1,2,4.35,65.31,0
synthetic_3554,65.99,25,2,2,6.11,9.06,0
synthetic_3555,64.02,46,1,2,4.77,15.42,0
synthetic_3556,59.34,53,2,2,5.8,66.14,0
synthetic_3557,72.68,35,1,1,6.81,58.32,0
synthetic_3558,70.21,54,4,1,2.67,50.97,0
synthetic_3559,54.08,39,0,1,1.34,38.95,0
synthetic_3560,73.01,38,1,2,6.19,63.15,1
synthetic_3561,76.62,53,5,2,2.47,23.0,1
synthetic_3562,85.75,35,1,1,0.0,57.14,0
synthetic_3563,52.53,19,4,1,23.46,11.87,0
synthetic_3564,89.66,57,1,2,4.76,6.47,0
synthetic_3565,91.65,46,1,1,4.63,19.91,0
synthetic_3566,105.19,28,1,1,3.45,48.08,0
synthetic_3567,90.25,55,1,2,6.51,44.44,0
synthetic_3568,103.0,40,0,1,0.15,48.87,0
synthetic_3569,48.62,17,6,1,35.16,15.45,0
synthetic_3570,97.45,15,3,2,4.85,44.22,0
synthetic_3571,33.52,9,2,1,36.82,13.93,1
synthetic_3572,64.22,17,0,2,36.86,6.24,1
synthetic_3573,42.5,26,4,2,21.84,4.76,1
synthetic_3574,47.36,30,4,2,8.65,5.94,0
synthetic_3575,5.0,21,3,2,18.78,9.79,1
synthetic_3576,103.93,36,1,2,0.0,42.45,0
synthetic_3577,51.77,21,4,1,15.7,20.58,1
synthetic_3578,72.84,70,1,1,3.62,67.8,0
synthetic_3579,64.25,2,9,1,10.45,19.18,1
synthetic_3580,114.95,59,3,1,0.84,28.18,0
synthetic_3581,105.05,49,1,1,0.0,22.31,0
synthetic_3582,18.36,12,4,2,45.82,8.71,1
synthetic_3583,102.48,44,0,2,0.0,21.24,0
synthetic_3584,98.45,50,0,2,7.91,28.63,0
synthetic_3585,84.93,30,2,1,9.4,28.17,0
synthetic_3586,23.3,14,7,1,35.61,5.86,1
synthetic_3587,115.5,28,2,1,2.62,52.01,0
synthetic_3588,93.74,48,1,2,0.0,33.65,0
synthetic_3589,49.4,19,3,2,34.03,9.83,1
synthetic_3590,126.83,37,0,1,5.9,42.17,0
synthetic_3591,9.19,21,2,2,14.64,5.47,1
synthetic_3592,96.51,32,1,2,1.65,28.26,0
synthetic_3593,5.0,23,3,2,39.03,0.0,1
synthetic_3594,33.9,19,3,1,29.22,12.9,1
synthetic_3595,78.59,56,3,2,0.61,72.18,0
synthetic_3596,102.56,35,3,2,7.99,15.09,0
synthetic_3597,94.22,48,1,2,4.93,44.78,0
synthetic_3598,131.84,36,2,2,0.0,35.41,0
synthetic_3599,28.98,15,3,1,14.53,6.05,1
synthetic_3600,30.02,10,3,2,10.89,3.88,0
synthetic_3601,29.54,14,5,1,5.56,15.42,0
synthetic_3602,101.16,49,3,1,2.0,0.0,0
synthetic_3603,20.73,20,4,1,20.22,11.84,1
synthetic_3604,84.51,32,0,2,7.02,61.8,0
synthetic_3605,48.17,24,4,1,30.24,0.11,1
synthetic_3606,64.21,6,4,1,23.97,6.73,0
synthetic_3607,42.34,5,4,2,3.26,5.91,1
synthetic_3608,60.82,15,2,1,24.95,12.26,1
synthetic_3609,41.56,10,1,2,5.55,0.44,0
synthetic_3610,103.36,29,1,1,5.08,40.06,0
synthetic_3611,14.94,12,4,1,31.01,0.0,1
synthetic_3612,94.8,42,1,2,4.74,30.24,0
synthetic_3613,86.76,30,1,1,3.28,38.16,0
synthetic_3614,110.79,42,1,2,4.19,64.64,0
synthetic_3615,79.12,48,0,2,4.06,69.14,0
synthetic_3616,34.5,16,8,2,20.55,15.14,1
synthetic_3617,74.79,23,2,1,8.71,16.35,0
synthetic_3618,35.8,26,1,1,18.45,0.0,0
synthetic_3619,102.53,69,1,2,3.39,32.61,0
synthetic_3620,85.27,48,1,1,3.89,60.88,0
synthetic_3621,79.37,15,4,2,14.67,7.94,0
synthetic_3622,102.6,48,4,2,7.26,55.0,0
synthetic_3623,83.8,52,4,2,2.31,39.61,0
synthetic_3624,121.66,57,2,2,3.52,27.62,0
synthetic_3625,106.6,26,1,1,4.53,47.18,0
synthetic_3626,77.16,61,0,1,4.93,32.15,0
synthetic_3627,132.66,60,4,2,4.81,59.89,0
synthetic_3628,96.95,44,0,2,3.59,20.11,0
synthetic_3629,51.5,9,4,2,23.51,5.91,1
synthetic_3630,18.95,7,2,2,35.05,7.01,1
synthetic_3631,124.76,30,1,2,3.25,64.02,0
synthetic_3632,131.5,51,3,1,9.39,54.29,0
synthetic_3633,37.08,4,0,1,19.21,14.42,0
synthetic_3634,121.39,54,0,1,9.38,39.69,0
synthetic_3635,33.26,19,2,2,15.68,12.24,1
synthetic_3636,106.14,68,1,1,2.79,55.18,0
synthetic_3637,76.85,10,2,2,8.37,17.6,0
synthetic_3638,105.8,40,1,2,0.0,58.69,0
synthetic_3639,109.72,71,2,1,5.36,28.75,0
synthetic_3640,60.15,5,5,2,11.79,9.16,1
synthetic_3641,54.42,5,6,1,15.36,12.33,0
synthetic_3642,124.17,40,1,2,8.9,56.3,0
synthetic_3643,58.7,16,7,1,18.64,8.84,1
synthetic_3644,47.68,13,7,2,12.35,12.53,0
synthetic_3645,104.53,55,0,2,0.0,12.14,0
synthetic_3646,60.06,24,3,2,21.79,9.63,0
synthetic_3647,48.25,18,2,1,25.31,9.82,0
synthetic_3648,40.59,20,4,2,32.93,21.5,0
synthetic_3649,85.98,17,1,1,6.39,40.65,0
synthetic_3650,35.44,16,6,2,0.0,16.12,0
synthetic_3651,52.83,7,4,1,20.93,11.05,0
synthetic_3652,53.28,9,6,1,5.23,10.31,0
synthetic_3653,32.81,7,4,1,49.26,0.71,1
synthetic_3654,28.84,15,5,2,23.51,15.25,1
synthetic_3655,37.92,18,2,2,31.73,1.54,1
synthetic_3656,35.16,6,2,2,15.73,17.17,0
synthetic_3657,15.84,17,3,1,18.45,5.07,1
synthetic_3658,98.77,66,1,1,0.6,37.62,0
synthetic_3659,50.32,9,5,2,27.15,4.08,0
synthetic_3660,70.32,12,3,2,38.78,2.73,0
synthetic_3661,110.18,26,2,1,8.05,49.63,1
synthetic_3662,94.16,49,2,1,2.35,33.7,0
synthetic_3663,104.0,50,1,1,2.96,23.24,0
synthetic_3664,33.84,22,5,1,28.66,18.44,1
synthetic_3665,54.06,13,3,2,26.19,5.0,1
synthetic_3666,44.72,13,10,1,8.77,9.36,1
synthetic_3667,41.15,29,5,2,12.57,17.87,0
synthetic_3668,42.96,5,6,2,25.42,9.75,1
synthetic_3669,86.78,61,2,1,10.01,33.3,0
synthetic_3670,71.89,28,5,2,13.14,11.66,0
synthetic_3671,94.91,42,0,1,3.36,43.28,0
synthetic_3672,66.71,14,4,1,14.24,7.92,0
synthetic_3673,63.8,26,3,1,24.29,11.81,0
synthetic_3674,62.02,73,2,1,5.11,47.39,0
synthetic_3675,130.05,55,1,1,5.91,20.64,0
synthetic_3676,67.33,13,4,1,14.36,10.83,1
synthetic_3677,107.78,45,0,1,1.87,15.88,0
synthetic_3678,59.31,9,1,2,25.84,14.54,0
synthetic_3679,25.55,24,5,2,24.47,0.0,1
synthetic_3680,122.79,53,0,2,5.21,54.69,0
synthetic_3681,84.53,16,3,1,12.93,14.35,0
synthetic_3682,25.86,6,3,1,16.36,7.4,1
synthetic_3683,115.74,55,4,1,11.36,20.89,0
synthetic_3684,47.37,8,0,2,15.63,3.69,1
synthetic_3685,36.6,8,3,2,15.8,4.2,1
synthetic_3686,44.1,15,3,1,27.49,17.75,1
synthetic_3687,72.98,22,0,2,4.52,51.12,0
synthetic_3688,70.79,24,1,1,3.54,30.16,0
synthetic_3689,23.35,20,5,1,19.4,0.91,1
synthetic_3690,37.09,15,5,2,23.49,8.32,1
synthetic_3691,93.85,51,2,2,1.06,27.62,0
synthetic_3692,50.08,22,3,2,29.0,13.67,1
synthetic_3693,94.69,46,0,2,0.0,33.23,0
synthetic_3694,72.49,41,1,2,2.93,39.78,0
synthetic_3695,44.86,25,4,2,39.59,0.59,1
synthetic_3696,34.16,10,5,2,13.43,3.15,1
synthetic_3697,59.93,11,3,1,20.16,0.0,0
synthetic_3698,41.66,12,5,1,16.71,7.62,1
synthetic_3699,21.69,6,4,2,37.08,12.09,1
synthetic_3700,106.55,52,1,1,2.21,47.1,0
synthetic_3701,44.65,25,6,2,29.18,7.74,1
synthetic_3702,69.13,46,3,2,6.58,37.43,0
synthetic_3703,89.07,61,2,2,7.24,9.22,0
synthetic_3704,68.6,13,5,1,20.09,2.02,0
synthetic_3705,34.5,31,7,2,18.26,15.74,0
synthetic_3706,14.1,11,4,2,15.08,4.15,1
synthetic_3707,97.11,55,2,1,1.05,35.77,0
synthetic_3708,71.54,10,5,2,18.45,5.14,1
synthetic_3709,100.91,41,1,2,7.64,41.99,0
synthetic_3710,86.37,23,0,1,1.32,23.18,0
synthetic_3711,96.34,52,1,1,0.0,69.77,0
synthetic_3712,96.63,60,1,1,5.38,32.27,0
synthetic_3713,93.17,56,3,1,2.67,51.08,0
synthetic_3714,68.62,55,1,2,10.74,13.78,0
synthetic_3715,119.86,55,1,1,4.8,55.4,0
synthetic_3716,116.33,53,2,2,7.71,7.28,0
synthetic_3717,74.12,52,0,2,2.53,78.74,0
synthetic_3718,88.99,53,0,1,5.78,53.69,0
synthetic_3719,90.5,37,1,2,5.11,35.65,0
synthetic_3720,71.87,43,0,1,8.14,51.43,0
synthetic_3721,57.66,46,0,2,4.57,14.65,0
synthetic_3722,81.59,41,1,2,2.43,35.95,0
synthetic_3723,8.11,8,4,2,17.96,0.18,1
synthetic_3724,66.18,30,0,2,1.86,51.46,0
synthetic_3725,98.54,48,0,1,1.55,39.85,0
synthetic_3726,118.26,56,1,2,3.87,46.31,0
synthetic_3727,44.13,4,4,2,20.25,19.09,1
synthetic_3728,92.47,78,0,2,4.05,54.46,0
synthetic_3729,58.19,34,1,1,2.0,2.43,0
synthetic_3730,109.31,50,3,2,7.36,39.84,0
synthetic_3731,97.93,60,2,1,7.32,40.37,0
synthetic_3732,103.49,58,0,2,6.49,14.99,0
synthetic_3733,133.72,53,1,2,6.2,18.88,0
synthetic_3734,18.36,7,2,2,1.13,14.57,0
synthetic_3735,37.5,46,4,2,4.35,25.48,0
synthetic_3736,54.11,15,5,2,5.74,0.0,1
synthetic_3737,104.72,60,2,2,8.02,24.01,1
synthetic_3738,95.54,35,1,2,3.39,48.27,0
synthetic_3739,72.49,22,8,1,25.65,0.41,1
synthetic_3740,42.2,14,3,2,15.35,20.54,1
synthetic_3741,7.32,8,3,2,16.55,10.94,1
synthetic_3742,70.08,48,0,1,3.7,50.47,0
synthetic_3743,105.41,61,0,2,1.48,2.26,0
synthetic_3744,44.61,22,5,2,15.95,7.15,1
synthetic_3745,82.46,23,0,1,7.16,66.63,0
synthetic_3746,57.66,23,3,2,31.32,11.76,1
synthetic_3747,100.26,47,1,1,2.44,48.88,0
synthetic_3748,22.84,14,8,1,9.28,5.82,1
synthetic_3749,36.74,8,5,1,29.4,9.25,0
synthetic_3750,45.67,18,6,1,5.16,5.68,1
synthetic_3751,93.56,43,2,1,6.09,19.3,0
synthetic_3752,74.34,44,0,1,1.52,46.48,0
synthetic_3753,80.39,48,1,2,2.86,95.44,0
synthetic_3754,87.11,32,2,1,0.64,22.36,0
synthetic_3755,27.61,27,7,1,22.13,3.42,1
synthetic_3756,34.15,18,6,2,16.79,14.63,1
synthetic_3757,66.5,21,7,2,12.17,0.0,1
synthetic_3758,96.97,35,1,1,2.58,81.8,0
synthetic_3759,31.11,29,3,2,16.59,12.28,1
synthetic_3760,116.48,58,0,2,3.45,39.27,0
synthetic_3761,87.85,21,2,1,28.74,13.3,0
synthetic_3762,49.19,16,4,2,14.81,6.84,1
synthetic_3763,69.68,11,5,2,14.84,3.97,0
synthetic_3764,65.72,8,9,2,20.26,7.27,0
synthetic_3765,123.15,52,1,2,0.0,72.36,0
synthetic_3766,92.27,61,1,2,1.41,0.0,0
synthetic_3767,19.35,21,3,2,17.66,13.48,0
synthetic_3768,95.93,43,1,2,1.43,41.06,0
synthetic_3769,97.94,56,0,2,6.3,54.74,0
synthetic_3770,78.05,66,1,2,1.22,69.8,0
synthetic_3771,113.73,30,5,1,3.48,72.17,0
synthetic_3772,99.13,52,2,2,9.14,44.0,0
synthetic_3773,94.1,49,2,2,6.24,49.97,0
synthetic_3774,69.58,46,4,2,0.0,44.86,0
synthetic_3775,96.25,45,1,1,13.66,70.52,0
synthetic_3776,57.14,48,0,1,0.88,15.29,0
synthetic_3777,14.61,9,5,2,16.52,2.39,0
synthetic_3778,83.74,58,2,2,2.66,57.12,0
synthetic_3779,100.74,51,1,2,0.31,61.06,0
synthetic_3780,50.13,1,1,2,12.58,10.02,0
synthetic_3781,106.44,35,1,2,2.04,38.59,0
synthetic_3782,123.97,39,0,1,2.36,30.04,0
synthetic_3783,35.6,18,4,1,31.33,18.16,1
synthetic_3784,117.5,37,2,2,5.43,18.06,0
synthetic_3785,132.14,56,1,1,8.26,73.33,0
synthetic_3786,80.36,50,1,2,4.64,29.94,0
synthetic_3787,63.98,11,2,1,25.06,0.27,0
synthetic_3788,32.83,14,1,1,14.67,11.51,1
synthetic_3789,94.93,35,1,1,3.16,25.47,0
synthetic_3790,35.13,17,4,1,14.31,5.68,1
synthetic_3791,58.07,19,6,1,5.32,2.3,1
synthetic_3792,34.78,16,4,2,23.61,13.85,0
synthetic_3793,40.52,6,2,1,27.64,11.93,1
synthetic_3794,73.0,53,2,1,4.77,40.43,1
synthetic_3795,108.73,30,2,2,7.65,2.01,1
synthetic_3796,105.48,62,0,1,0.0,19.07,0
synthetic_3797,63.42,40,4,2,10.72,47.09,0
synthetic_3798,80.12,16,2,2,16.06,4.89,0
synthetic_3799,21.75,14,1,2,23.49,12.59,1
synthetic_3800,33.73,24,1,2,22.81,5.63,1
synthetic_3801,26.9,4,2,2,34.13,8.34,1
synthetic_3802,33.72,11,3,2,30.35,5.42,0
synthetic_3803,65.63,25,2,2,6.32,13.64,0
synthetic_3804,74.56,29,7,2,20.31,4.1,1
synthetic_3805,30.98,32,9,2,9.57,17.16,0
synthetic_3806,104.98,58,0,1,2.76,55.67,0
synthetic_3807,84.19,39,1,2,2.08,38.32,0
synthetic_3808,81.95,34,2,1,0.0,53.42,0
synthetic_3809,133.25,55,1,2,5.75,29.62,0
synthetic_3810,56.67,42,1,1,4.01,35.8,0
synthetic_3811,17.08,22,4,1,9.45,14.07,0
synthetic_3812,70.77,60,0,2,6.2,0.0,0
synthetic_3813,48.41,20,7,2,27.69,9.55,1
synthetic_3814,55.99,10,8,1,27.31,0.0,0
synthetic_3815,5.0,14,0,2,8.69,8.22,1
synthetic_3816,38.57,12,2,1,25.13,20.22,1
synthetic_3817,77.37,8,3,1,31.5,0.0,1
synthetic_3818,88.69,42,1,2,3.3,19.15,1
synthetic_3819,93.19,55,1,1,5.61,79.16,0
synthetic_3820,67.81,55,1,2,6.05,56.74,0
synthetic_3821,125.26,43,1,2,2.98,36.84,0
synthetic_3822,83.11,39,3,1,3.04,41.09,0
synthetic_3823,42.43,17,4,2,39.01,9.19,1
synthetic_3824,83.16,54,0,2,0.08,7.43,1
synthetic_3825,93.37,33,3,2,12.24,92.58,0
synthetic_3826,75.14,22,8,1,21.69,4.71,1
synthetic_3827,25.45,15,6,1,22.73,0.0,1
synthetic_3828,109.91,36,0,1,5.11,23.04,0
synthetic_3829,116.76,49,0,1,5.6,51.74,0
synthetic_3830,129.33,43,1,2,2.04,16.33,0
synthetic_3831,99.98,43,2,1,5.02,0.0,0
synthetic_3832,33.03,12,8,1,34.96,2.36,1
synthetic_3833,110.85,44,0,2,2.2,43.9,0
synthetic_3834,5.0,21,2,1,19.25,4.84,1
synthetic_3835,53.79,19,3,1,18.61,13.13,0
synthetic_3836,58.57,39,2,2,3.47,30.59,0
synthetic_3837,40.46,24,7,1,18.36,1.22,1
synthetic_3838,64.13,39,0,1,1.96,18.45,0
synthetic_3839,57.45,20,2,2,19.58,2.55,1
synthetic_3840,98.86,54,0,1,6.58,27.31,0
synthetic_3841,72.72,41,0,2,0.15,15.97,0
synthetic_3842,94.86,57,1,2,3.1,37.15,0
synthetic_3843,97.77,26,0,2,0.7,0.0,0
synthetic_3844,98.66,62,0,1,6.18,50.03,0
synthetic_3845,76.92,61,1,1,2.0,41.97,0
synthetic_3846,112.97,72,1,2,5.56,52.1,0
synthetic_3847,93.22,57,2,1,2.92,62.57,0
synthetic_3848,55.51,10,4,1,19.15,12.26,1
synthetic_3849,49.47,24,6,1,31.62,10.05,0
synthetic_3850,34.17,25,7,2,23.71,16.48,1
synthetic_3851,6.28,20,6,2,27.5,4.4,1
synthetic_3852,47.67,25,3,1,29.47,8.25,1
synthetic_3853,25.94,16,7,1,16.13,4.65,1
synthetic_3854,84.09,35,1,1,2.08,56.83,0
synthetic_3855,54.58,21,4,2,16.13,12.59,0
synthetic_3856,81.87,48,4,2,4.87,25.05,0
synthetic_3857,44.24,16,3,1,28.03,10.68,0
synthetic_3858,92.24,37,1,2,3.43,40.78,0
synthetic_3859,16.11,14,5,1,31.49,24.02,1
synthetic_3860,79.3,61,0,2,0.0,65.32,0
synthetic_3861,43.8,19,4,1,18.68,6.08,1
synthetic_3862,90.59,49,0,2,1.42,27.79,0
synthetic_3863,34.19,0,4,2,34.71,9.33,1
synthetic_3864,82.77,66,0,1,0.89,23.75,0
synthetic_3865,66.18,11,6,2,17.49,5.91,0
synthetic_3866,78.08,56,0,1,5.91,29.4,0
synthetic_3867,22.82,0,1,2,36.99,0.0,1
synthetic_3868,105.58,55,2,2,1.4,37.7,0
synthetic_3869,92.3,33,2,1,5.72,63.07,0
synthetic_3870,43.71,12,4,2,26.7,6.18,1
synthetic_3871,51.93,19,7,1,34.27,8.41,1
synthetic_3872,50.35,26,3,1,25.47,12.18,1
synthetic_3873,41.21,20,4,1,23.21,12.66,0
synthetic_3874,107.96,71,3,1,0.05,69.47,0
synthetic_3875,40.3,24,2,2,34.46,11.45,1
synthetic_3876,22.68,9,1,2,11.72,6.39,0
synthetic_3877,101.55,31,2,1,7.57,59.25,1
synthetic_3878,40.6,23,4,2,3.96,6.93,0
synthetic_3879,56.94,13,3,1,13.45,14.19,1
synthetic_3880,105.3,27,1,2,5.01,10.03,0
synthetic_3881,77.7,45,1,2,3.53,71.34,0
synthetic_3882,83.29,33,2,2,2.65,56.8,0
synthetic_3883,60.94,40,2,2,3.19,47.97,0
synthetic_3884,88.72,45,0,2,3.94,28.63,0
synthetic_3885,36.86,19,4,1,19.68,9.22,0
synthetic_3886,68.5,39,1,1,0.0,22.8,0
synthetic_3887,110.53,36,3,1,5.21,53.0,0
synthetic_3888,120.54,36,0,2,2.86,42.07,0
synthetic_3889,27.03,9,3,1,8.58,12.61,0
synthetic_3890,73.85,20,5,2,28.3,4.55,1
synthetic_3891,103.7,34,2,2,6.92,56.51,0
synthetic_3892,94.61,52,1,2,9.58,50.33,0
synthetic_3893,73.36,47,0,2,6.21,62.04,1
synthetic_3894,81.95,59,2,2,3.56,54.79,0
synthetic_3895,89.07,68,2,1,0.0,29.71,0
synthetic_3896,17.72,9,2,2,21.25,3.73,0
synthetic_3897,62.2,23,7,1,31.43,1.17,1
synthetic_3898,19.79,16,6,1,10.36,11.98,1
synthetic_3899,52.84,4,4,1,34.3,9.52,1
synthetic_3900,47.29,10,4,2,14.84,14.18,1
synthetic_3901,95.07,45,1,1,2.33,50.82,0
synthetic_3902,146.05,33,1,2,4.92,58.61,0
synthetic_3903,87.25,55,0,2,2.47,40.8,0
synthetic_3904,25.49,29,5,2,13.15,5.03,1
synthetic_3905,151.58,62,1,1,4.36,55.47,0
synthetic_3906,98.88,56,1,1,4.77,23.88,0
synthetic_3907,93.65,37,0,2,1.52,32.84,0
synthetic_3908,75.26,60,0,1,2.75,23.01,0
synthetic_3909,125.57,14,4,1,0.53,18.41,0
synthetic_3910,71.82,68,2,1,8.25,93.59,0
synthetic_3911,103.54,29,2,2,2.46,73.36,0
synthetic_3912,85.53,51,0,2,4.48,63.11,0
synthetic_3913,64.92,8,3,2,20.32,0.21,0
synthetic_3914,48.08,16,4,1,21.2,0.0,1
synthetic_3915,76.75,25,6,2,36.86,8.38,1
synthetic_3916,89.44,19,0,2,3.07,35.8,0
synthetic_3917,70.7,41,2,2,4.73,25.59,0
synthetic_3918,120.05,42,1,2,10.03,54.28,0
synthetic_3919,41.19,16,2,2,26.22,7.52,1
synthetic_3920,68.04,20,2,2,19.57,12.47,1
synthetic_3921,111.83,32,1,2,5.49,44.85,0
synthetic_3922,86.39,15,3,1,31.74,7.56,1
synthetic_3923,51.07,42,3,2,2.7,36.55,0
synthetic_3924,50.64,7,6,2,44.78,14.86,1
synthetic_3925,92.99,42,0,2,3.81,45.5,0
synthetic_3926,88.42,50,1,2,3.03,28.91,0
synthetic_3927,92.82,42,0,1,0.85,30.2,0
synthetic_3928,18.76,17,4,2,27.49,1.26,1
synthetic_3929,98.84,43,0,2,0.35,6.6,0
synthetic_3930,67.71,54,2,1,6.65,39.42,0
synthetic_3931,89.28,52,2,2,1.65,55.58,0
synthetic_3932,98.13,41,2,2,0.42,30.49,0
synthetic_3933,5.0,26,5,2,25.86,0.0,1
synthetic_3934,78.61,53,1,2,1.55,59.89,0
synthetic_3935,29.94,29,2,2,38.09,11.95,1
synthetic_3936,63.36,31,4,1,23.93,19.41,1
synthetic_3937,86.41,42,2,2,4.62,21.24,0
synthetic_3938,72.83,25,1,1,4.62,37.1,0
synthetic_3939,52.91,0,5,1,7.85,1.32,0
synthetic_3940,15.05,22,6,1,15.57,5.75,1
synthetic_3941,56.81,21,2,2,22.38,15.6,1
synthetic_3942,57.59,17,6,1,24.14,11.09,0
synthetic_3943,81.41,44,2,2,3.54,44.84,0
synthetic_3944,87.36,15,2,2,1.27,10.17,1
synthetic_3945,99.67,38,3,1,0.0,40.85,0
synthetic_3946,37.23,21,4,1,26.61,15.08,1
synthetic_3947,30.15,18,3,1,0.0,15.98,0
synthetic_3948,114.72,34,0,2,0.0,27.91,0
synthetic_3949,45.27,15,3,1,49.3,0.31,1
synthetic_3950,40.32,24,2,2,29.73,3.16,1
synthetic_3951,99.1,58,0,2,4.27,36.25,0
synthetic_3952,61.14,49,1,2,6.13,71.63,0
synthetic_3953,102.84,64,2,2,4.87,30.77,0
synthetic_3954,24.52,25,2,1,37.37,11.64,1
synthetic_3955,112.86,75,2,2,6.84,53.98,0
synthetic_3956,107.12,39,0,2,3.02,27.17,0
synthetic_3957,90.96,69,0,1,0.0,46.07,0
synthetic_3958,41.69,5,6,1,38.27,3.03,0
synthetic_3959,29.27,25,3,2,32.89,5.21,0
synthetic_3960,62.48,13,4,2,23.9,0.0,1
synthetic_3961,43.81,24,2,1,23.25,1.56,1
synthetic_3962,104.24,38,0,1,12.53,42.39,0
synthetic_3963,41.1,7,3,2,31.77,0.0,1
synthetic_3964,44.52,13,4,1,16.1,5.68,1
synthetic_3965,33.74,23,3,2,23.14,4.8,1
synthetic_3966,112.48,34,0,1,0.43,31.97,0
synthetic_3967,59.24,12,5,2,8.59,0.0,1
synthetic_3968,36.77,12,2,1,24.2,3.42,1
synthetic_3969,55.37,20,5,1,6.75,4.47,1
synthetic_3970,88.57,41,3,1,0.0,13.48,0
synthetic_3971,60.18,1,7,2,28.67,7.94,1
synthetic_3972,91.04,28,2,1,2.12,25.64,0
synthetic_3973,62.03,17,2,2,23.53,5.97,1
synthetic_3974,46.22,20,5,2,13.35,3.34,1
synthetic_3975,75.42,13,1,2,32.49,10.78,0
synthetic_3976,21.92,16,3,1,13.14,6.52,1
synthetic_3977,15.48,17,4,2,29.06,18.49,1
synthetic_3978,99.52,45,0,1,2.82,38.35,0
synthetic_3979,78.14,36,2,1,10.04,27.04,0
synthetic_3980,17.35,24,4,2,17.94,4.81,1
synthetic_3981,57.43,5,4,1,17.02,6.84,0
synthetic_3982,87.96,50,0,1,0.0,41.61,0
synthetic_3983,35.41,13,3,1,12.57,5.35,0
synthetic_3984,37.26,9,3,2,10.35,5.63,0
synthetic_3985,33.06,30,3,2,21.46,10.14,1
synthetic_3986,78.01,9,1,1,16.39,2.32,1
synthetic_3987,89.77,62,1,1,1.37,25.19,0
synthetic_3988,84.96,57,0,1,3.43,23.82,0
synthetic_3989,96.39,47,0,2,2.81,34.07,0
synthetic_3990,117.07,40,0,2,3.98,40.39,0
synthetic_3991,85.78,17,8,2,16.09,1.39,1
synthetic_3992,34.48,18,6,2,22.24,6.76,1
synthetic_3993,61.92,15,3,1,16.13,7.45,1
synthetic_3994,66.64,11,1,1,10.2,6.29,0
synthetic_3995,34.57,21,4,2,25.93,0.0,1
synthetic_3996,30.14,15,3,1,49.71,6.73,1
synthetic_3997,106.49,39,1,2,0.17,52.33,0
synthetic_3998,56.5,26,6,2,14.74,0.38,0
synthetic_3999,16.79,15,3,2,14.71,14.51,1
